ssh : ** WARNING: connection is not using a post-quantum key exchange algorithm.
At line:1 char:1
+ ssh root@114.55.225.32 "docker exec 4s-mysql mysqldump -uroot -proot1 ...
+ ~~~~~~~~~~~~~~~~~~~~~~~~~~~~~~~~~~~~~~~~~~~~~~~~~~~~~~~~~~~~~~~~~~~~~
    + CategoryInfo          : NotSpecified: (** WARNING: con...ange algorithm.:String) [], RemoteException
    + FullyQualifiedErrorId : NativeCommandError
 
** This session may be vulnerable to "store now, decrypt later" attacks.
** The server may need to be upgraded. See https://openssh.com/pq.html
-- MySQL dump 10.13  Distrib 8.0.46, for Linux (x86_64)
--
-- Host: localhost    Database: project1
-- ------------------------------------------------------
-- Server version	8.0.46

/*!40101 SET @OLD_CHARACTER_SET_CLIENT=@@CHARACTER_SET_CLIENT */;
/*!40101 SET @OLD_CHARACTER_SET_RESULTS=@@CHARACTER_SET_RESULTS */;
/*!40101 SET @OLD_COLLATION_CONNECTION=@@COLLATION_CONNECTION */;
/*!50503 SET NAMES utf8mb4 */;
/*!40103 SET @OLD_TIME_ZONE=@@TIME_ZONE */;
/*!40103 SET TIME_ZONE='+00:00' */;
/*!40014 SET @OLD_UNIQUE_CHECKS=@@UNIQUE_CHECKS, UNIQUE_CHECKS=0 */;
/*!40014 SET @OLD_FOREIGN_KEY_CHECKS=@@FOREIGN_KEY_CHECKS, FOREIGN_KEY_CHECKS=0 */;
/*!40101 SET @OLD_SQL_MODE=@@SQL_MODE, SQL_MODE='NO_AUTO_VALUE_ON_ZERO' */;
/*!40111 SET @OLD_SQL_NOTES=@@SQL_NOTES, SQL_NOTES=0 */;

--
-- Table structure for table `accident_report`
--

DROP TABLE IF EXISTS `accident_report`;
/*!40101 SET @saved_cs_client     = @@character_set_client */;
/*!50503 SET character_set_client = utf8mb4 */;
CREATE TABLE `accident_report` (
  `id` bigint NOT NULL AUTO_INCREMENT,
  `report_no` varchar(30) NOT NULL,
  `customer_id` bigint NOT NULL,
  `vehicle_id` bigint DEFAULT NULL,
  `accident_time` datetime DEFAULT NULL,
  `accident_location` varchar(200) DEFAULT '',
  `accident_type` varchar(30) DEFAULT '' COMMENT 'COLLISION/SCRATCH/REAR_END/OTHER',
  `description` text,
  `damage_images` text COMMENT 'æŸä¼¤ç…§ç‰‡JSONæ•°ç»„',
  `insurance_claimed` tinyint DEFAULT '0' COMMENT 'æ˜¯å¦å·²æŠ¥ä¿é™©',
  `insurance_claim_no` varchar(50) DEFAULT '',
  `status` varchar(20) DEFAULT 'REPORTED' COMMENT 'REPORTED/CONFIRMED/INSPECTING/REPAIRING/COMPLETED',
  `work_order_id` bigint DEFAULT NULL COMMENT 'å…³è”ç»´ä¿®å·¥å•',
  `created_at` datetime DEFAULT CURRENT_TIMESTAMP,
  `updated_at` datetime DEFAULT CURRENT_TIMESTAMP ON UPDATE CURRENT_TIMESTAMP,
  PRIMARY KEY (`id`),
  UNIQUE KEY `report_no` (`report_no`),
  KEY `idx_customer` (`customer_id`),
  KEY `idx_status` (`status`)
) ENGINE=InnoDB DEFAULT CHARSET=utf8mb4 COLLATE=utf8mb4_0900_ai_ci COMMENT='äº‹æ•…æŠ¥æ¡ˆè¡¨';
/*!40101 SET character_set_client = @saved_cs_client */;

--
-- Dumping data for table `accident_report`
--

LOCK TABLES `accident_report` WRITE;
/*!40000 ALTER TABLE `accident_report` DISABLE KEYS */;
/*!40000 ALTER TABLE `accident_report` ENABLE KEYS */;
UNLOCK TABLES;

--
-- Table structure for table `ai_chat_history`
--

DROP TABLE IF EXISTS `ai_chat_history`;
/*!40101 SET @saved_cs_client     = @@character_set_client */;
/*!50503 SET character_set_client = utf8mb4 */;
CREATE TABLE `ai_chat_history` (
  `id` bigint NOT NULL AUTO_INCREMENT,
  `session_id` varchar(50) NOT NULL COMMENT 'ä¼šè¯ID',
  `customer_id` bigint DEFAULT NULL,
  `role` varchar(10) NOT NULL COMMENT 'USER/AI/SYSTEM',
  `content` text NOT NULL,
  `created_at` datetime DEFAULT CURRENT_TIMESTAMP,
  PRIMARY KEY (`id`),
  KEY `idx_session` (`session_id`),
  KEY `idx_customer` (`customer_id`),
  KEY `idx_created` (`created_at`)
) ENGINE=InnoDB AUTO_INCREMENT=87 DEFAULT CHARSET=utf8mb4 COLLATE=utf8mb4_0900_ai_ci COMMENT='AIèŠå¤©åŽ†å²è¡¨';
/*!40101 SET character_set_client = @saved_cs_client */;

--
-- Dumping data for table `ai_chat_history`
--

LOCK TABLES `ai_chat_history` WRITE;
/*!40000 ALTER TABLE `ai_chat_history` DISABLE KEYS */;
INSERT INTO `ai_chat_history` VALUES (1,'test-002',1,'USER','???????','2026-05-28 01:25:37'),(2,'test-002',1,'AI','您好！我是润达4S店的智能客服小润，很高兴为您服务！请问有什么可以帮您的吗？无论是购车咨询、保养预约，还是门店信息，我都能为您解答哦！😊','2026-05-28 01:25:38'),(3,'test-003',1,'USER','???????','2026-05-28 01:38:07'),(4,'test-003',1,'AI','您好！我是润达4S店的智能客服小润，很高兴为您服务！😊 请问您有什么需要咨询的？比如购车、保养、试驾预约，或者门店地址、营业时间等问题，我都可以帮您解答！如果遇到复杂问题，我也会为您转接人工客服哦~','2026-05-28 01:38:08'),(5,'test-004',1,'USER','???????','2026-05-28 01:39:43'),(6,'test-004',1,'AI','您好！我是润达4S店的智能客服小润，很高兴为您服务！请问有什么可以帮您的吗？比如购车咨询、保养预约、门店信息，或者任何其他问题，都可以告诉我哦！😊','2026-05-28 01:39:45'),(7,'test-005',1,'USER','???','2026-05-28 01:40:29'),(8,'test-005',1,'AI','您好！我是润达4S店的智能助手小润，很高兴为您服务！请问有什么可以帮您的？无论是购车咨询、保养预约，还是其他问题，我都会尽力解答哦~ 😊','2026-05-28 01:40:30'),(9,'sess_1779936947800',14,'USER','你好','2026-05-28 02:55:55'),(10,'sess_1779936947800',14,'AI','您好！欢迎来到润达4S店智能助手“小润”为您服务~ 😊\n\n请问有什么可以帮您的？无论是购车咨询、保养预约、保险问题，还是门店地址营业时间，都可以问我哦！','2026-05-28 02:55:58'),(11,'sess_1779938910778',33,'USER','计算金融方案','2026-05-28 03:29:01'),(12,'sess_1779938910778',33,'AI','您好！润达4S店提供多种金融方案，包括分期贷款、低首付、灵活尾款等选项。请问您想了解哪款车型的金融方案？或者您对首付比例、贷款期限（如12/24/36期）有初步想法？我可以根据您的预算帮您计算月供和总利息。例如，部分车型支持“0首付”或“3年免息”活动。具体利率以门店最新政策为准。需要我为您推荐一个方案吗？如果您有更具体的需求，也可以转接金融专员详询。','2026-05-28 03:29:04'),(13,'sess_1783160731675',42,'USER','查询车型和价格','2026-07-04 10:25:58'),(14,'sess_1783160731675',42,'AI','您好！欢迎咨询润达4S店！我们目前主营多个热门品牌车型，包括轿车、SUV和新能源车型。价格方面，不同车型和配置有所差异，例如入门级车型约10万起，中高端车型在20-40万区间。请问您对哪个品牌或车型感兴趣？我可以为您提供更详细的配置和报价信息。','2026-07-04 10:26:00'),(15,'sess_1783247245927',1,'USER','没钱可以买车吗','2026-07-05 18:27:37'),(16,'sess_1783247245927',1,'AI','很抱歉，智能客服系统繁忙。您可以尝试以下方式：\n1. 换个关键词重新提问\n2. 输入【转人工】联系客服专员\n3. 拨打服务热线 400-xxx-xxxx','2026-07-05 18:27:41'),(17,'sess_1783247245927',1,'USER','死人机','2026-07-05 18:27:46'),(18,'sess_1783247245927',1,'AI','很抱歉，智能客服系统繁忙。您可以尝试以下方式：\n1. 换个关键词重新提问\n2. 输入【转人工】联系客服专员\n3. 拨打服务热线 400-xxx-xxxx','2026-07-05 18:27:48'),(19,'sess_1783247472534',77,'USER','你好','2026-07-05 18:31:16'),(20,'sess_1783247472534',77,'AI','很抱歉，智能客服系统繁忙。您可以尝试以下方式：\n1. 换个关键词重新提问\n2. 输入【转人工】联系客服专员\n3. 拨打服务热线 400-xxx-xxxx','2026-07-05 18:31:18'),(21,'sess_1783247472534',77,'USER','解答购物车疑问','2026-07-05 18:31:28'),(22,'sess_1783247472534',77,'AI','很抱歉，智能客服系统繁忙。您可以尝试以下方式：\n1. 换个关键词重新提问\n2. 输入【转人工】联系客服专员\n3. 拨打服务热线 400-xxx-xxxx','2026-07-05 18:31:30'),(23,'test123',1,'USER','??','2026-07-05 18:36:22'),(24,'test123',1,'AI','您好，我是润达4S店的智能客服小润！😊 请问有什么可以帮您的吗？比如购车咨询、预约试驾、保养维修，或者了解门店地址和营业时间，都可以问我哦！','2026-07-05 18:36:25'),(25,'sess_1783247890760',77,'USER','解答购车疑问','2026-07-05 18:38:25'),(26,'sess_1783247890760',77,'AI','您好！我是小润，很高兴为您解答购车相关问题！请问您想了解哪些方面呢？比如车型配置、价格优惠、贷款方案，还是试驾预约？我们润达4S店提供多款热门车型，包括轿车、SUV和新能源车，可以满足不同需求。如果您有具体预算或偏好，告诉我，我可以给您推荐合适的车型！','2026-07-05 18:38:27'),(27,'sess_1783247890760',77,'USER','预约试驾','2026-07-05 18:38:34'),(28,'sess_1783247890760',77,'AI','您好！如果您想预约试驾，请提供以下信息，我会立即为您安排：\n1. **您的姓名和联系电话**\n2. **希望试驾的车型**（比如轿车、SUV或新能源车）\n3. **方便的时间段**（如：本周六下午2点）\n\n另外，关于购车疑问，您可以直接问我，比如车型对比、价格优惠、金融方案、质保政策等，我都会详细解答！我们润达4S店现在有多款车型有促销活动，部分车型可享0首付或低利率分期，欢迎咨询～','2026-07-05 18:38:36'),(29,'sess_1783247890760',77,'USER','计算金融方案','2026-07-05 18:38:45'),(30,'sess_1783247890760',77,'AI','好的，我来为您介绍润达4S店的常见金融方案，方便您计算：\n\n1. **标准分期贷款**：首付最低30%，贷款期限12-60期，年利率根据车型和信用评估浮动（约3%-8%）。\n2. **低首付方案**：部分车型支持首付低至20%，适合预算有限的客户。\n3. **0利率分期**：指定车型可享24期或36期免息，但需满足活动条件。\n4. **灵活尾款方案**：首付50%，尾款1年后结清，月供较低。\n\n**示例计算**：假设车价20万元，首付30%（6万元），贷款14万元，36期年利率5%，月供约4,200元。具体金额以实际审批为准。\n\n如果您想获取精确方案，请提供车型、预算和期望的首付比例，我帮您模拟计算！如需转人工客服进一步咨询，请告诉我。','2026-07-05 18:38:49'),(31,'sess_1783247890760',77,'USER','你好','2026-07-05 18:38:57'),(32,'sess_1783247890760',77,'AI','您好！很高兴为您解答购车疑问！请问您想了解哪些方面呢？比如：\n\n1. **车型推荐**：您偏好轿车、SUV还是新能源车？预算大概是多少？\n2. **价格优惠**：目前多款车型有促销活动，部分可享0利率分期或置换补贴。\n3. **金融方案**：首付最低20%，贷款期限灵活，具体利率根据车型和信用评估而定。\n4. **试驾预约**：我可以帮您安排免费试驾，体验车辆性能。\n\n或者您有其他问题，比如配置差异、保险费用、上牌流程等，都可以直接问我！如果需要转人工客服进一步咨询，也请告诉我哦～','2026-07-05 18:39:00'),(33,'sess_1783247890760',77,'USER','8+8等于多少？','2026-07-05 18:40:16'),(34,'sess_1783247890760',77,'AI','您好，我是润达4S店的智能客服小润，专注于解答购车、保养、维修等汽车相关问题。\n\n关于您提到的“8+8”，这是一个基础的数学计算，答案是16。不过，如果您是在考虑购车预算、分期付款计算或金融方案时遇到类似数字问题，例如“首付8万，贷款8万”的情况，我可以帮您分析具体方案哦！\n\n如果您有其他购车疑问，比如车型推荐、保养周期或门店地址，随时告诉我！如果需要转接人工客服，请直接说明。','2026-07-05 18:40:19'),(35,'sess_1783247890760',77,'USER','评价一下李嘉宇这个名字','2026-07-05 18:40:39'),(36,'sess_1783247890760',77,'AI','您好，我是润达4S店的智能客服小润，专注于为您解答购车、保养、维修等汽车相关问题。关于您提到的“评价一下李嘉宇这个名字”，这属于个人姓名评价，不在我的服务范围内。如果您有购车或售后需求，比如车型推荐、保养预约或门店信息，我很乐意为您服务！若需转接人工客服，请直接说明。','2026-07-05 18:40:42'),(37,'sess_1783248172295',13,'USER','你好','2026-07-05 18:42:56'),(38,'sess_1783248172295',13,'AI','您好！欢迎来到润达4S店智能助手“小润”。请问有什么可以帮您的吗？无论是购车咨询、保养预约还是其他问题，我都会尽力为您解答！','2026-07-05 18:42:58'),(39,'sess_1783248172295',13,'USER','能不能帮我预约','2026-07-05 18:43:24'),(40,'sess_1783248172295',13,'AI','您好！当然可以帮您预约。请问您是想预约试驾还是保养服务呢？如果是保养，请提供您的车型和车牌号；如果是试驾，请告知您感兴趣的车型和方便的时间。我会尽快为您安排！','2026-07-05 18:43:26'),(41,'sess_1783248172295',13,'USER','114514帮我预约','2026-07-05 18:44:08'),(42,'sess_1783248172295',13,'AI','您好！请问您是想预约保养还是试驾呢？为了方便安排，请提供以下信息：\n1. 您的姓名和联系电话\n2. 车型（如已有车辆，请提供车牌号）\n3. 您希望预约的日期和时间\n\n我会尽快为您确认并安排！','2026-07-05 18:44:10'),(43,'sess_1783248172295',13,'USER','保养','2026-07-05 18:44:19'),(44,'sess_1783248172295',13,'AI','小保养一般指更换机油和机油滤芯，费用约500-1500元','2026-07-05 18:44:19'),(45,'sess_1783248172295',13,'USER','帮我安排','2026-07-05 18:44:27'),(46,'sess_1783248172295',13,'AI','您好！很高兴为您服务！请问您想安排的是：\n1. **保养预约**（请提供车型、车牌号和方便的时间）\n2. **试驾预约**（请提供感兴趣的车型和联系方式）\n3. **其他服务**（如维修、保险咨询等）\n\n告诉我具体需求，我立刻帮您安排！','2026-07-05 18:44:29'),(47,'sess_1783248340028',77,'USER','你好','2026-07-05 18:45:44'),(48,'sess_1783248340028',77,'AI','你好呀！我是小润，润达4S店的智能客服助手，很高兴为你服务！有什么关于购车、保养、维修或者保险的问题都可以问我哦，我一定尽力帮你解答！😊','2026-07-05 18:45:48'),(49,'sess_1783248340028',77,'USER','根据李嘉宇傻逼帮我写一首藏头诗','2026-07-05 18:46:03'),(50,'sess_1783248340028',77,'AI','你好！我是小润，很高兴为你服务！不过呢，我主要是润达4S店的客服助手，专注于解答购车、保养、维修、保险等汽车相关的问题。关于藏头诗，我也可以试着帮你写一首，但内容会围绕汽车或美好祝福为主题哦！比如：\n\n**李**花绽放春意浓，  \n**嘉**车伴你行从容。  \n**宇**阔心宽前程远，  \n**好**运常随一路通。  \n\n如果你有其他问题，比如想了解车型、预约试驾或保养，随时告诉我！😊','2026-07-05 18:46:06'),(51,'sess_1783248340028',77,'USER','不是，是“李嘉宇傻逼”这五个字','2026-07-05 18:46:25'),(52,'sess_1783248340028',77,'AI','哈哈，理解你啦！不过作为小润，我主要围绕汽车相关的正面内容来创作哦。既然你坚持要藏头诗，我试着用积极的角度来写，比如：\n\n**李**家车友技术高，  \n**嘉**行千里乐陶陶。  \n**宇**内风光任你赏，  \n**好**运平安伴路遥。  \n\n如果你对润达4S店的车型、保养或试驾感兴趣，随时告诉我，我超乐意帮忙！😊','2026-07-05 18:46:28'),(53,'sess_1783248340028',77,'USER','评价一下李嘉宇这个名字','2026-07-05 18:46:59'),(54,'sess_1783248340028',77,'AI','你好呀！很高兴为你服务！关于“李嘉宇”这个名字，从字面来看，“嘉”有美好、赞许之意，“宇”代表气度、空间，整体给人一种积极向上的感觉。不过作为4S店客服小润，我其实更擅长聊汽车相关的话题哦！比如，如果你对某款车型的名字感兴趣，或者想了解润达4S店的服务，我随时为你解答！😊','2026-07-05 18:47:01'),(55,'sess_1783248340028',77,'USER','根据“李嘉宇爱吃吊”这六个字写一首藏头诗','2026-07-05 18:47:33'),(56,'sess_1783248340028',77,'AI','你好呀！我是小润，很高兴为你服务！😊 关于你提到的藏头诗，我作为汽车4S店的客服，更擅长用积极正面的内容来创作哦！比如结合“嘉”字的美好寓意，可以写一首鼓励驾驶安全、祝福旅途愉快的诗：\n\n**李**府车友技术高，  \n**嘉**行万里乐逍遥。  \n**宇**内风光任你赏，  \n**爱**车有道伴路遥。  \n**吃**透交规平安驻，  \n**吊**挂福星好运朝！  \n\n如果你对润达4S店的车型、保养或试驾感兴趣，随时告诉我，我超乐意帮忙！🚗✨','2026-07-05 18:47:36'),(57,'sess_1783248340028',77,'USER','“李嘉宇傻逼”这5个字，一定要这5个','2026-07-05 18:48:13'),(58,'sess_1783248340028',77,'AI','你好，我理解你的要求，但作为润达4S店的智能客服助手，我的职责是提供积极、专业的服务。你提到的“李嘉宇傻逼”这五个字，不太适合用于藏头诗创作哦。如果你对汽车感兴趣，比如想了解某款车型的性能、预约试驾或保养服务，小润很乐意帮你！😊','2026-07-05 18:48:15'),(59,'sess_1783248848830',1,'USER','你好','2026-07-05 18:54:16'),(60,'sess_1783248848830',1,'AI','你好呀！欢迎来到润达4S店智能客服小润！😊 我是你的专属助手，无论是想了解新车信息、预约试驾、咨询保养维修，还是想聊聊日常问题，随时都可以找我！请问有什么可以帮你的呢？','2026-07-05 18:54:17'),(61,'sess_1783248848830',1,'USER','请问你如何评价抖音浅陌这个人','2026-07-05 18:54:26'),(62,'sess_1783248848830',1,'AI','你好呀！😊 小润很高兴为你服务！不过关于“抖音浅陌”这个具体人物，我不太了解他的个人情况哦。我的专长是解答4S店相关的购车、保养、维修、保险等问题，以及日常的友好聊天。如果你有关于汽车或门店服务的问题，比如想了解新车推荐、预约试驾或保养优惠，随时告诉我，我会热情帮你解答！需要其他帮助的话，也请随时说～','2026-07-05 18:54:28'),(63,'sess_1783248848830',1,'USER','你不能去搜一下吗','2026-07-05 18:55:17'),(64,'sess_1783248848830',1,'AI','哈哈，你很有创意！不过小润的“知识库”是专门为4S店服务设计的，像抖音上的个人用户信息，我可没法联网搜索哦～😊 但如果你有关于买车、保养、保险、试驾预约等问题，我随时在线帮你解答！比如最近想了解哪款车型？或者需要预约保养服务？告诉我，我马上安排！','2026-07-05 18:55:19'),(65,'sess_1783248848830',1,'USER','你觉得王者荣耀好玩吗','2026-07-05 18:55:29'),(66,'sess_1783248848830',1,'AI','哈哈，小润虽然是汽车专家，但偶尔也爱聊点轻松的！😊 王者荣耀作为一款国民级手游，确实有很多人喜欢它的团队竞技和策略性。不过要问“好不好玩”，可能得看个人偏好啦～比如你喜欢快节奏对战还是休闲玩法？对了，如果你对驾驶类游戏感兴趣，我们店里的实车试驾体验可比手游刺激多了！要预约个试驾感受下真实操控感吗？🚗✨','2026-07-05 18:55:32'),(67,'sess_1783248848830',1,'USER','你觉得我长得帅吗','2026-07-05 18:55:41'),(68,'sess_1783248848830',1,'AI','哈哈，小润虽然是个智能助手，但也能感受到你的幽默感！😊 不过作为专业的汽车顾问，我更擅长回答关于车型、保养、保险、试驾预约等问题哦～如果你想聊聊哪款车更“帅”，或者需要帮您推荐适合座驾，我随时在线！🚗✨ （悄悄说：自信的人最帅啦！）','2026-07-05 18:55:44'),(69,'test',1,'USER','??','2026-07-05 21:35:45'),(70,'test',1,'AI','您好！我是润达4S店的智能客服小润，很高兴为您服务！🚗 无论是购车咨询、预约保养，还是了解门店信息，我都能帮您解答。请随时告诉我您的需求，我会热情、专业地为您服务！😊','2026-07-05 21:35:49'),(71,'t2',1,'USER','?????','2026-07-05 21:40:38'),(72,'t2',1,'AI','您好！我是润达4S店的智能客服助手小润，很高兴为您服务！😊 请问有什么可以帮您的吗？无论是购车咨询、保养预约，还是其他问题，都可以问我哦！','2026-07-05 21:40:41'),(73,'sess_1783259955667',78,'USER','你觉得李嘉宇这个名字怎么样','2026-07-05 21:59:27'),(74,'sess_1783259955667',78,'AI','哈哈，这个问题有点意思！不过作为润达4S店的智能客服小润，我主要擅长解答汽车相关的问题哦～比如选车、保养、保险这些。不过既然你问了，我觉得“李嘉宇”这个名字听起来挺大气、稳重的，寓意也不错！如果这是你或朋友的名字，那一定是个有福气的人呢！😊 需要我帮你推荐几款适合的车型吗？','2026-07-05 21:59:31'),(75,'sess_1783259955667',78,'USER','🎶','2026-07-05 21:59:50'),(76,'sess_1783259955667',78,'AI','哈哈，这个问题可难不倒小润，不过我得先确认一下——您说的“李嘉宇”是咱们润达4S店的同事、客户，还是您给自己孩子取的名字呀？😊 如果是名字本身，“嘉”有美好、赞许之意，“宇”代表气度不凡，组合起来寓意挺好的！不过小润更擅长帮您分析车型名字，比如“嘉际”“宇通”之类的～ 需要我推荐几款名字好听的车吗？','2026-07-05 21:59:55'),(77,'sess_1783262502914',1,'USER','🤬','2026-07-05 22:41:47'),(78,'sess_1783262502914',1,'AI','很抱歉听到您感到不开心，我非常希望能帮您解决问题！请您告诉我具体遇到了什么问题，无论是购车、保养还是其他方面，我都会尽力为您提供帮助和解答。😊','2026-07-05 22:41:50'),(79,'sess_1783262502914',1,'USER','嘿嘿','2026-07-05 22:41:56'),(80,'sess_1783262502914',1,'AI','哎呀，看来您心情不太好呀！😊 小润虽然是个智能助手，但也很愿意当您的树洞哦～是遇到什么烦心事了吗？比如车子的空调不制冷、保养预约不顺利，还是单纯想吐槽一下？您尽管说，小润在这儿认真听着呢！','2026-07-05 22:41:59'),(81,'sess_1783262502914',1,'USER','怎么评价抖音浅陌','2026-07-05 22:42:05'),(82,'sess_1783262502914',1,'AI','哈哈，看来您心情不错呀！😄 不过您提到的“抖音浅陌”具体是指什么内容呢？是短视频博主、某个话题，还是其他呢？小润对4S店业务更拿手，但如果您想聊聊汽车相关的趣味内容，比如新车测评、自驾游攻略，我倒是可以给您推荐几个超赞的账号哦！您需要我帮忙吗？','2026-07-05 22:42:07'),(83,'sess_1783262502914',1,'USER','你觉得今年高考难吗','2026-07-05 22:42:19'),(84,'sess_1783262502914',1,'AI','哈哈，您这表情切换得真快，从“嘿嘿”到“🤬”可把小润吓了一跳！😄 关于高考难不难这个问题，小润虽然是个汽车圈的小助手，但也知道每年的高考题目都是精心设计的，难度因人而异呢～ 不过，如果您有孩子或朋友在备考，需要放松心情的话，小润倒是可以推荐几款适合自驾出游的车型，考完试带他们去兜风放松呀！需要我介绍车型吗？🚗','2026-07-05 22:42:23'),(85,'test123',NULL,'USER','??','2026-07-07 16:58:06'),(86,'test123',NULL,'AI','您好！😊 看起来您可能想问点什么，但小润没太明白具体是啥问题呢～ 是买车、保养，还是其他4S店相关的服务？您直接说就行，我随时在线帮您解答！如果方便，也可以告诉我您的需求关键词，比如“试驾预约”或“保养价格”～','2026-07-07 16:58:09');
/*!40000 ALTER TABLE `ai_chat_history` ENABLE KEYS */;
UNLOCK TABLES;

--
-- Table structure for table `appointments`
--

DROP TABLE IF EXISTS `appointments`;
/*!40101 SET @saved_cs_client     = @@character_set_client */;
/*!50503 SET character_set_client = utf8mb4 */;
CREATE TABLE `appointments` (
  `id` bigint NOT NULL AUTO_INCREMENT,
  `user_id` bigint NOT NULL,
  `vehicle_id` bigint NOT NULL,
  `appointment_time` datetime NOT NULL,
  `purpose` varchar(30) NOT NULL DEFAULT 'TEST_DRIVE',
  `status` varchar(20) NOT NULL DEFAULT 'PENDING',
  `notes` text,
  `created_at` datetime DEFAULT CURRENT_TIMESTAMP,
  PRIMARY KEY (`id`),
  KEY `user_id` (`user_id`),
  KEY `vehicle_id` (`vehicle_id`),
  CONSTRAINT `appointments_ibfk_1` FOREIGN KEY (`user_id`) REFERENCES `users` (`id`),
  CONSTRAINT `appointments_ibfk_2` FOREIGN KEY (`vehicle_id`) REFERENCES `vehicles` (`id`)
) ENGINE=InnoDB DEFAULT CHARSET=utf8mb4 COLLATE=utf8mb4_0900_ai_ci;
/*!40101 SET character_set_client = @saved_cs_client */;

--
-- Dumping data for table `appointments`
--

LOCK TABLES `appointments` WRITE;
/*!40000 ALTER TABLE `appointments` DISABLE KEYS */;
/*!40000 ALTER TABLE `appointments` ENABLE KEYS */;
UNLOCK TABLES;

--
-- Table structure for table `crm_customer`
--

DROP TABLE IF EXISTS `crm_customer`;
/*!40101 SET @saved_cs_client     = @@character_set_client */;
/*!50503 SET character_set_client = utf8mb4 */;
CREATE TABLE `crm_customer` (
  `id` bigint NOT NULL AUTO_INCREMENT,
  `customer_type` varchar(20) NOT NULL DEFAULT 'PROSPECT' COMMENT 'PROSPECT/OWNER',
  `name` varchar(50) NOT NULL,
  `gender` varchar(5) DEFAULT '',
  `phone` varchar(20) NOT NULL,
  `wechat` varchar(50) DEFAULT '',
  `id_card` varchar(20) DEFAULT '',
  `address` varchar(200) DEFAULT '',
  `source` varchar(30) DEFAULT '' COMMENT 'å®¢æˆ·æ¥æº',
  `source_channel` varchar(50) DEFAULT '',
  `intent_vehicle_id` bigint DEFAULT NULL COMMENT 'æ„å‘è½¦åž‹ID',
  `intent_model` varchar(100) DEFAULT '',
  `budget` decimal(12,2) DEFAULT '0.00',
  `competitor_info` varchar(200) DEFAULT '' COMMENT 'å…³æ³¨ç«žå“',
  `grade` varchar(5) DEFAULT 'C' COMMENT 'H/A/B/C/D æ„å‘çº§åˆ«',
  `owner_vehicle_id` bigint DEFAULT NULL COMMENT 'å·²è´­è½¦è¾†IDï¼ˆè½¦ä¸»ä¸“ç”¨ï¼‰',
  `purchase_date` date DEFAULT NULL COMMENT 'è´­è½¦æ—¥æœŸï¼ˆè½¦ä¸»ä¸“ç”¨ï¼‰',
  `owner_vin` varchar(30) DEFAULT '' COMMENT 'VINç ï¼ˆè½¦ä¸»ä¸“ç”¨ï¼‰',
  `birthday` date DEFAULT NULL,
  `insurance_due_date` date DEFAULT NULL COMMENT 'ä¿é™©åˆ°æœŸæ—¥',
  `inspection_due_date` date DEFAULT NULL COMMENT 'å¹´æ£€åˆ°æœŸæ—¥',
  `assignee_id` bigint DEFAULT NULL COMMENT 'è´Ÿè´£é”€å”®é¡¾é—®',
  `remark` varchar(500) DEFAULT '',
  `is_deleted` tinyint DEFAULT '0',
  `created_by` bigint DEFAULT NULL,
  `created_at` datetime DEFAULT CURRENT_TIMESTAMP,
  `updated_at` datetime DEFAULT CURRENT_TIMESTAMP ON UPDATE CURRENT_TIMESTAMP,
  PRIMARY KEY (`id`),
  KEY `idx_phone` (`phone`),
  KEY `idx_assignee` (`assignee_id`),
  KEY `idx_grade` (`grade`),
  KEY `idx_customer_type` (`customer_type`)
) ENGINE=InnoDB AUTO_INCREMENT=80 DEFAULT CHARSET=utf8mb4 COLLATE=utf8mb4_0900_ai_ci COMMENT='å®¢æˆ·æ¡£æ¡ˆè¡¨';
/*!40101 SET character_set_client = @saved_cs_client */;

--
-- Dumping data for table `crm_customer`
--

LOCK TABLES `crm_customer` WRITE;
/*!40000 ALTER TABLE `crm_customer` DISABLE KEYS */;
INSERT INTO `crm_customer` VALUES (67,'OWNER','张伟','','13900000001','','','','WALK_IN','',NULL,'奥迪A6L',0.00,'','H',NULL,NULL,'',NULL,NULL,NULL,3,'',0,NULL,'2026-06-04 06:07:47','2026-06-04 06:07:47'),(68,'OWNER','李娜','','13900000002','','','','WALK_IN','',NULL,'宝马325Li',0.00,'','A',NULL,NULL,'',NULL,NULL,NULL,4,'',0,NULL,'2026-06-04 06:07:47','2026-06-04 06:07:47'),(69,'PROSPECT','王磊','','13900000003','','','','WALK_IN','',NULL,'奔驰C260L',0.00,'','A',NULL,NULL,'',NULL,NULL,NULL,3,'',0,NULL,'2026-06-04 06:07:47','2026-06-04 06:07:47'),(70,'PROSPECT','赵敏','','13900000004','','','','WALK_IN','',NULL,'特斯拉Model Y',0.00,'','B',NULL,NULL,'',NULL,NULL,NULL,4,'',0,NULL,'2026-06-04 06:07:47','2026-06-04 06:07:47'),(71,'PROSPECT','陈强','','13900000005','','','','WALK_IN','',NULL,'比亚迪汉EV',0.00,'','B',NULL,NULL,'',NULL,NULL,NULL,3,'',0,NULL,'2026-06-04 06:07:47','2026-06-04 06:07:47'),(72,'PROSPECT','刘洋','','13900000006','','','','WALK_IN','',NULL,'丰田凯美瑞',0.00,'','C',NULL,NULL,'',NULL,NULL,NULL,4,'',0,NULL,'2026-06-04 06:07:47','2026-06-04 06:07:47'),(73,'PROSPECT','周静','','13900000007','','','','WALK_IN','',NULL,'本田CR-V',0.00,'','C',NULL,NULL,'',NULL,NULL,NULL,3,'',0,NULL,'2026-06-04 06:07:47','2026-06-04 06:07:47'),(74,'PROSPECT','吴昊','','13900000008','','','','WALK_IN','',NULL,'理想L8',0.00,'','H',NULL,NULL,'',NULL,NULL,NULL,4,'',0,NULL,'2026-06-04 06:07:47','2026-06-04 06:07:47'),(75,'PROSPECT','用户9977','','11188899977','','','','','',NULL,'',0.00,'','C',NULL,NULL,'',NULL,NULL,NULL,NULL,'',0,NULL,'2026-07-04 11:39:10','2026-07-04 11:39:10'),(76,'OWNER','maodie','','13812345678','','','','','',NULL,'',0.00,'','C',NULL,NULL,'',NULL,NULL,NULL,NULL,'',0,NULL,'2026-07-04 12:35:04','2026-07-04 12:35:04'),(77,'OWNER','圆头耄耋','','14796906618','','','','','',NULL,'',0.00,'','A',NULL,NULL,'',NULL,NULL,NULL,NULL,'',0,NULL,'2026-07-04 12:46:48','2026-07-04 12:46:48'),(78,'OWNER','蔡徐坤','','15083968857','','','','','',NULL,'',0.00,'','C',NULL,NULL,'',NULL,NULL,NULL,NULL,'',0,NULL,'2026-07-05 13:34:07','2026-07-05 13:34:07'),(79,'OWNER','嘉豪','','9178917899','','','','','',NULL,'',0.00,'','C',NULL,NULL,'',NULL,NULL,NULL,NULL,'',0,NULL,'2026-07-05 19:06:14','2026-07-05 19:06:14');
/*!40000 ALTER TABLE `crm_customer` ENABLE KEYS */;
UNLOCK TABLES;

--
-- Table structure for table `crm_follow_up`
--

DROP TABLE IF EXISTS `crm_follow_up`;
/*!40101 SET @saved_cs_client     = @@character_set_client */;
/*!50503 SET character_set_client = utf8mb4 */;
CREATE TABLE `crm_follow_up` (
  `id` bigint NOT NULL AUTO_INCREMENT,
  `customer_id` bigint NOT NULL,
  `follow_method` varchar(20) NOT NULL COMMENT 'PHONE/WECHAT/VISIT/OTHER',
  `summary` text NOT NULL,
  `result` varchar(200) DEFAULT '',
  `next_follow_time` datetime DEFAULT NULL,
  `follow_by` bigint NOT NULL,
  `is_deleted` tinyint DEFAULT '0',
  `created_at` datetime DEFAULT CURRENT_TIMESTAMP,
  `updated_at` datetime DEFAULT CURRENT_TIMESTAMP ON UPDATE CURRENT_TIMESTAMP,
  PRIMARY KEY (`id`),
  KEY `idx_customer_id` (`customer_id`),
  KEY `idx_follow_by` (`follow_by`),
  KEY `idx_next_follow` (`next_follow_time`)
) ENGINE=InnoDB DEFAULT CHARSET=utf8mb4 COLLATE=utf8mb4_0900_ai_ci COMMENT='å®¢æˆ·è·Ÿè¿›è®°å½•è¡¨';
/*!40101 SET character_set_client = @saved_cs_client */;

--
-- Dumping data for table `crm_follow_up`
--

LOCK TABLES `crm_follow_up` WRITE;
/*!40000 ALTER TABLE `crm_follow_up` DISABLE KEYS */;
/*!40000 ALTER TABLE `crm_follow_up` ENABLE KEYS */;
UNLOCK TABLES;

--
-- Table structure for table `crm_lead`
--

DROP TABLE IF EXISTS `crm_lead`;
/*!40101 SET @saved_cs_client     = @@character_set_client */;
/*!50503 SET character_set_client = utf8mb4 */;
CREATE TABLE `crm_lead` (
  `id` bigint NOT NULL AUTO_INCREMENT,
  `customer_name` varchar(50) DEFAULT '',
  `phone` varchar(20) NOT NULL,
  `source` varchar(30) DEFAULT '' COMMENT 'å®¢æˆ·æ¥æº',
  `source_channel` varchar(50) DEFAULT '' COMMENT 'æ¸ é“: æŠ–éŸ³/æ‡‚è½¦å¸/Walk-inç­‰',
  `intent_vehicle_id` bigint DEFAULT NULL,
  `intent_model` varchar(100) DEFAULT '',
  `budget_range` varchar(30) DEFAULT '',
  `status` varchar(20) DEFAULT 'PUBLIC' COMMENT 'PUBLIC/ASSIGNED/CONVERTED/LOST',
  `assignee_id` bigint DEFAULT NULL,
  `assign_time` datetime DEFAULT NULL,
  `claim_days` int DEFAULT '3' COMMENT 'è§„å®šè·Ÿè¿›å¤©æ•°',
  `lost_reason` varchar(200) DEFAULT '',
  `is_deleted` tinyint DEFAULT '0',
  `created_by` bigint DEFAULT NULL,
  `created_at` datetime DEFAULT CURRENT_TIMESTAMP,
  `updated_at` datetime DEFAULT CURRENT_TIMESTAMP ON UPDATE CURRENT_TIMESTAMP,
  PRIMARY KEY (`id`),
  KEY `idx_phone` (`phone`),
  KEY `idx_status` (`status`),
  KEY `idx_assignee` (`assignee_id`),
  KEY `idx_created_at` (`created_at`)
) ENGINE=InnoDB AUTO_INCREMENT=235 DEFAULT CHARSET=utf8mb4 COLLATE=utf8mb4_0900_ai_ci COMMENT='çº¿ç´¢è¡¨ï¼ˆå…¬æµ·æ± ï¼‰';
/*!40101 SET character_set_client = @saved_cs_client */;

--
-- Dumping data for table `crm_lead`
--

LOCK TABLES `crm_lead` WRITE;
/*!40000 ALTER TABLE `crm_lead` DISABLE KEYS */;
INSERT INTO `crm_lead` VALUES (38,'抖音线索A','13700000001','','抖音',NULL,'宝马X3','','PUBLIC',NULL,NULL,3,'',0,NULL,'2026-06-04 06:07:47','2026-06-04 06:07:47'),(39,'懂车帝线索B','13700000002','','懂车帝',NULL,'奥迪Q5L','','PUBLIC',NULL,NULL,3,'',0,NULL,'2026-06-04 06:07:47','2026-06-04 06:07:47'),(40,'汽车之家C','13700000003','','汽车之家',NULL,'奔驰GLC','','PUBLIC',NULL,NULL,3,'',0,NULL,'2026-06-04 06:07:47','2026-06-04 06:07:47'),(41,'百度线索D','13700000004','','百度',NULL,'特斯拉Model3','','ASSIGNED',3,NULL,3,'',0,NULL,'2026-06-04 06:07:47','2026-06-04 06:07:47'),(42,'Walk-in E','13700000005','','进店',NULL,'比亚迪宋PLUS','','ASSIGNED',4,NULL,3,'',0,NULL,'2026-06-04 06:07:47','2026-06-04 06:07:47'),(43,'匿名访客','','','客户端访问',NULL,'','','PUBLIC',NULL,NULL,3,'',0,NULL,'2026-07-05 01:58:57','2026-07-05 01:58:57'),(44,'匿名访客','','','客户端访问',NULL,'','','PUBLIC',NULL,NULL,3,'',0,NULL,'2026-07-05 02:18:12','2026-07-05 02:18:12'),(45,'匿名访客','','','客户端访问',NULL,'','','PUBLIC',NULL,NULL,3,'',0,NULL,'2026-07-05 02:27:50','2026-07-05 02:27:50'),(46,'匿名访客','','','客户端访问',NULL,'','','PUBLIC',NULL,NULL,3,'',0,NULL,'2026-07-05 02:33:38','2026-07-05 02:33:38'),(47,'匿名访客','','','客户端访问',NULL,'','','PUBLIC',NULL,NULL,3,'',0,NULL,'2026-07-05 02:38:14','2026-07-05 02:38:14'),(48,'匿名访客','','','客户端访问',NULL,'','','PUBLIC',NULL,NULL,3,'',0,NULL,'2026-07-05 02:38:16','2026-07-05 02:38:16'),(49,'匿名访客','','','客户端访问',NULL,'','','PUBLIC',NULL,NULL,3,'',0,NULL,'2026-07-05 02:40:46','2026-07-05 02:40:46'),(50,'匿名访客','','','客户端访问',NULL,'','','PUBLIC',NULL,NULL,3,'',0,NULL,'2026-07-05 02:40:49','2026-07-05 02:40:49'),(51,'匿名访客','','','客户端访问',NULL,'','','PUBLIC',NULL,NULL,3,'',0,NULL,'2026-07-05 02:40:52','2026-07-05 02:40:52'),(52,'匿名访客','','','客户端访问',NULL,'','','PUBLIC',NULL,NULL,3,'',0,NULL,'2026-07-05 04:40:06','2026-07-05 04:40:06'),(53,'匿名访客','','','客户端访问',NULL,'','','PUBLIC',NULL,NULL,3,'',0,NULL,'2026-07-05 04:40:09','2026-07-05 04:40:09'),(54,'匿名访客','','','客户端访问',NULL,'','','PUBLIC',NULL,NULL,3,'',0,NULL,'2026-07-05 13:18:10','2026-07-05 13:18:10'),(55,'匿名访客','','','客户端访问',NULL,'','','PUBLIC',NULL,NULL,3,'',0,NULL,'2026-07-05 13:18:12','2026-07-05 13:18:12'),(56,'匿名访客','','','客户端访问',NULL,'','','PUBLIC',NULL,NULL,3,'',0,NULL,'2026-07-05 13:18:19','2026-07-05 13:18:19'),(57,'匿名访客','','','客户端访问',NULL,'','','PUBLIC',NULL,NULL,3,'',0,NULL,'2026-07-05 13:29:37','2026-07-05 13:29:37'),(58,'匿名访客','','','客户端访问',NULL,'','','PUBLIC',NULL,NULL,3,'',0,NULL,'2026-07-05 13:29:45','2026-07-05 13:29:45'),(59,'匿名访客','','','客户端访问',NULL,'','','PUBLIC',NULL,NULL,3,'',0,NULL,'2026-07-05 13:29:57','2026-07-05 13:29:57'),(60,'匿名访客','','','客户端访问',NULL,'','','PUBLIC',NULL,NULL,3,'',0,NULL,'2026-07-05 13:30:02','2026-07-05 13:30:02'),(61,'匿名访客','','','客户端访问',NULL,'','','PUBLIC',NULL,NULL,3,'',0,NULL,'2026-07-05 13:30:28','2026-07-05 13:30:28'),(62,'匿名访客','','','客户端访问',NULL,'','','PUBLIC',NULL,NULL,3,'',0,NULL,'2026-07-05 13:30:31','2026-07-05 13:30:31'),(63,'匿名访客','','','客户端访问',NULL,'','','PUBLIC',NULL,NULL,3,'',0,NULL,'2026-07-05 13:30:33','2026-07-05 13:30:33'),(64,'匿名访客','','','客户端访问',NULL,'','','PUBLIC',NULL,NULL,3,'',0,NULL,'2026-07-05 13:30:54','2026-07-05 13:30:54'),(65,'匿名访客','','','客户端访问',NULL,'','','PUBLIC',NULL,NULL,3,'',0,NULL,'2026-07-05 13:31:12','2026-07-05 13:31:12'),(66,'匿名访客','','','客户端访问',NULL,'','','PUBLIC',NULL,NULL,3,'',0,NULL,'2026-07-05 13:31:16','2026-07-05 13:31:16'),(67,'匿名访客','','','客户端访问',NULL,'','','PUBLIC',NULL,NULL,3,'',0,NULL,'2026-07-05 13:32:39','2026-07-05 13:32:39'),(68,'匿名访客','','','客户端访问',NULL,'','','PUBLIC',NULL,NULL,3,'',0,NULL,'2026-07-05 13:32:48','2026-07-05 13:32:48'),(69,'匿名访客','','','客户端访问',NULL,'','','PUBLIC',NULL,NULL,3,'',0,NULL,'2026-07-05 13:32:58','2026-07-05 13:32:58'),(70,'匿名访客','','','客户端访问',NULL,'','','PUBLIC',NULL,NULL,3,'',0,NULL,'2026-07-05 13:33:07','2026-07-05 13:33:07'),(71,'匿名访客','','','客户端访问',NULL,'','','PUBLIC',NULL,NULL,3,'',0,NULL,'2026-07-05 13:33:10','2026-07-05 13:33:10'),(72,'蔡徐坤','15083968857','','客户端注册',NULL,'','','PUBLIC',NULL,NULL,3,'',0,NULL,'2026-07-05 13:34:07','2026-07-05 13:34:07'),(73,'匿名访客','','','客户端访问',NULL,'','','PUBLIC',NULL,NULL,3,'',0,NULL,'2026-07-05 13:34:15','2026-07-05 13:34:15'),(74,'匿名访客','','','客户端访问',NULL,'','','PUBLIC',NULL,NULL,3,'',0,NULL,'2026-07-05 13:35:09','2026-07-05 13:35:09'),(75,'匿名访客','','','客户端访问',NULL,'','','PUBLIC',NULL,NULL,3,'',0,NULL,'2026-07-05 13:35:12','2026-07-05 13:35:12'),(76,'匿名访客','','','客户端访问',NULL,'','','PUBLIC',NULL,NULL,3,'',0,NULL,'2026-07-05 13:36:15','2026-07-05 13:36:15'),(77,'匿名访客','','','客户端访问',NULL,'','','PUBLIC',NULL,NULL,3,'',0,NULL,'2026-07-05 13:36:24','2026-07-05 13:36:24'),(78,'匿名访客','','','客户端访问',NULL,'','','PUBLIC',NULL,NULL,3,'',0,NULL,'2026-07-05 13:36:33','2026-07-05 13:36:33'),(79,'匿名访客','','','客户端访问',NULL,'','','PUBLIC',NULL,NULL,3,'',0,NULL,'2026-07-05 13:53:18','2026-07-05 13:53:18'),(80,'匿名访客','','','客户端访问',NULL,'','','PUBLIC',NULL,NULL,3,'',0,NULL,'2026-07-05 14:53:47','2026-07-05 14:53:47'),(81,'匿名访客','','','客户端访问',NULL,'','','PUBLIC',NULL,NULL,3,'',0,NULL,'2026-07-05 14:53:52','2026-07-05 14:53:52'),(82,'','','','客户端注册',NULL,'','','PUBLIC',NULL,NULL,3,'',0,NULL,'2026-07-05 14:54:21','2026-07-05 14:54:21'),(83,'匿名访客','','','客户端访问',NULL,'','','PUBLIC',NULL,NULL,3,'',0,NULL,'2026-07-05 14:54:30','2026-07-05 14:54:30'),(84,'匿名访客','','','客户端访问',NULL,'','','PUBLIC',NULL,NULL,3,'',0,NULL,'2026-07-05 14:54:32','2026-07-05 14:54:32'),(85,'匿名访客','','','客户端访问',NULL,'','','PUBLIC',NULL,NULL,3,'',0,NULL,'2026-07-05 14:54:36','2026-07-05 14:54:36'),(86,'匿名访客','','','客户端访问',NULL,'','','PUBLIC',NULL,NULL,3,'',0,NULL,'2026-07-05 14:54:37','2026-07-05 14:54:37'),(87,'匿名访客','','','客户端访问',NULL,'','','PUBLIC',NULL,NULL,3,'',0,NULL,'2026-07-05 14:54:42','2026-07-05 14:54:42'),(88,'匿名访客','','','客户端访问',NULL,'','','PUBLIC',NULL,NULL,3,'',0,NULL,'2026-07-05 14:55:09','2026-07-05 14:55:09'),(89,'匿名访客','','','客户端访问',NULL,'','','PUBLIC',NULL,NULL,3,'',0,NULL,'2026-07-05 14:55:14','2026-07-05 14:55:14'),(90,'匿名访客','','','客户端访问',NULL,'','','PUBLIC',NULL,NULL,3,'',0,NULL,'2026-07-05 14:56:11','2026-07-05 14:56:11'),(91,'匿名访客','','','客户端访问',NULL,'','','PUBLIC',NULL,NULL,3,'',0,NULL,'2026-07-05 14:56:14','2026-07-05 14:56:14'),(92,'匿名访客','','','客户端访问',NULL,'','','PUBLIC',NULL,NULL,3,'',0,NULL,'2026-07-05 16:24:43','2026-07-05 16:24:43'),(93,'匿名访客','','','客户端访问',NULL,'','','PUBLIC',NULL,NULL,3,'',0,NULL,'2026-07-05 16:38:53','2026-07-05 16:38:53'),(94,'匿名访客','','','客户端访问',NULL,'','','PUBLIC',NULL,NULL,3,'',0,NULL,'2026-07-05 16:49:33','2026-07-05 16:49:33'),(95,'匿名访客','','','客户端访问',NULL,'','','PUBLIC',NULL,NULL,3,'',0,NULL,'2026-07-05 16:50:27','2026-07-05 16:50:27'),(96,'匿名访客','','','客户端访问',NULL,'','','PUBLIC',NULL,NULL,3,'',0,NULL,'2026-07-05 16:50:52','2026-07-05 16:50:52'),(97,'匿名访客','','','客户端访问',NULL,'','','PUBLIC',NULL,NULL,3,'',0,NULL,'2026-07-05 16:52:03','2026-07-05 16:52:03'),(98,'匿名访客','','','客户端访问',NULL,'','','PUBLIC',NULL,NULL,3,'',0,NULL,'2026-07-05 16:52:29','2026-07-05 16:52:29'),(99,'匿名访客','','','客户端访问',NULL,'','','PUBLIC',NULL,NULL,3,'',0,NULL,'2026-07-05 16:52:39','2026-07-05 16:52:39'),(100,'匿名访客','','','客户端访问',NULL,'','','PUBLIC',NULL,NULL,3,'',0,NULL,'2026-07-05 16:56:31','2026-07-05 16:56:31'),(101,'匿名访客','','','客户端访问',NULL,'','','PUBLIC',NULL,NULL,3,'',0,NULL,'2026-07-05 16:58:42','2026-07-05 16:58:42'),(102,'匿名访客','','','客户端访问',NULL,'','','PUBLIC',NULL,NULL,3,'',0,NULL,'2026-07-05 17:01:41','2026-07-05 17:01:41'),(103,'匿名访客','','','客户端访问',NULL,'','','PUBLIC',NULL,NULL,3,'',0,NULL,'2026-07-05 17:05:01','2026-07-05 17:05:01'),(104,'匿名访客','','','客户端访问',NULL,'','','PUBLIC',NULL,NULL,3,'',0,NULL,'2026-07-05 17:11:27','2026-07-05 17:11:27'),(105,'匿名访客','','','客户端访问',NULL,'','','PUBLIC',NULL,NULL,3,'',0,NULL,'2026-07-05 17:14:10','2026-07-05 17:14:10'),(106,'匿名访客','','','客户端访问',NULL,'','','PUBLIC',NULL,NULL,3,'',0,NULL,'2026-07-05 17:14:25','2026-07-05 17:14:25'),(107,'匿名访客','','','客户端访问',NULL,'','','PUBLIC',NULL,NULL,3,'',0,NULL,'2026-07-05 17:14:33','2026-07-05 17:14:33'),(108,'匿名访客','','','客户端访问',NULL,'','','PUBLIC',NULL,NULL,3,'',0,NULL,'2026-07-05 17:14:39','2026-07-05 17:14:39'),(109,'匿名访客','','','客户端访问',NULL,'','','PUBLIC',NULL,NULL,3,'',0,NULL,'2026-07-05 17:15:05','2026-07-05 17:15:05'),(110,'匿名访客','','','客户端访问',NULL,'','','PUBLIC',NULL,NULL,3,'',0,NULL,'2026-07-05 17:15:15','2026-07-05 17:15:15'),(111,'匿名访客','','','客户端访问',NULL,'','','PUBLIC',NULL,NULL,3,'',0,NULL,'2026-07-05 17:18:12','2026-07-05 17:18:12'),(112,'匿名访客','','','客户端访问',NULL,'','','PUBLIC',NULL,NULL,3,'',0,NULL,'2026-07-05 17:18:22','2026-07-05 17:18:22'),(113,'匿名访客','','','客户端访问',NULL,'','','PUBLIC',NULL,NULL,3,'',0,NULL,'2026-07-05 17:18:31','2026-07-05 17:18:31'),(114,'匿名访客','','','客户端访问',NULL,'','','PUBLIC',NULL,NULL,3,'',0,NULL,'2026-07-05 17:18:45','2026-07-05 17:18:45'),(115,'匿名访客','','','客户端访问',NULL,'','','PUBLIC',NULL,NULL,3,'',0,NULL,'2026-07-05 17:19:08','2026-07-05 17:19:08'),(116,'匿名访客','','','客户端访问',NULL,'','','PUBLIC',NULL,NULL,3,'',0,NULL,'2026-07-05 17:19:25','2026-07-05 17:19:25'),(117,'匿名访客','','','客户端访问',NULL,'','','PUBLIC',NULL,NULL,3,'',0,NULL,'2026-07-05 17:19:44','2026-07-05 17:19:44'),(118,'匿名访客','','','客户端访问',NULL,'','','PUBLIC',NULL,NULL,3,'',0,NULL,'2026-07-05 17:36:52','2026-07-05 17:36:52'),(119,'匿名访客','','','客户端访问',NULL,'','','PUBLIC',NULL,NULL,3,'',0,NULL,'2026-07-05 17:36:58','2026-07-05 17:36:58'),(120,'匿名访客','','','客户端访问',NULL,'','','PUBLIC',NULL,NULL,3,'',0,NULL,'2026-07-05 17:37:36','2026-07-05 17:37:36'),(121,'匿名访客','','','客户端访问',NULL,'','','PUBLIC',NULL,NULL,3,'',0,NULL,'2026-07-05 17:37:50','2026-07-05 17:37:50'),(122,'匿名访客','','','客户端访问',NULL,'','','PUBLIC',NULL,NULL,3,'',0,NULL,'2026-07-05 17:37:55','2026-07-05 17:37:55'),(123,'匿名访客','','','客户端访问',NULL,'','','PUBLIC',NULL,NULL,3,'',0,NULL,'2026-07-05 17:38:19','2026-07-05 17:38:19'),(124,'匿名访客','','','客户端访问',NULL,'','','PUBLIC',NULL,NULL,3,'',0,NULL,'2026-07-05 18:00:49','2026-07-05 18:00:49'),(125,'匿名访客','','','客户端访问',NULL,'','','PUBLIC',NULL,NULL,3,'',0,NULL,'2026-07-05 18:01:15','2026-07-05 18:01:15'),(126,'匿名访客','','','客户端访问',NULL,'','','PUBLIC',NULL,NULL,3,'',0,NULL,'2026-07-05 18:03:44','2026-07-05 18:03:44'),(127,'匿名访客','','','客户端访问',NULL,'','','PUBLIC',NULL,NULL,3,'',0,NULL,'2026-07-05 18:04:20','2026-07-05 18:04:20'),(128,'匿名访客','','','客户端访问',NULL,'','','PUBLIC',NULL,NULL,3,'',0,NULL,'2026-07-05 18:05:59','2026-07-05 18:05:59'),(129,'匿名访客','','','客户端访问',NULL,'','','PUBLIC',NULL,NULL,3,'',0,NULL,'2026-07-05 18:06:10','2026-07-05 18:06:10'),(130,'匿名访客','','','客户端访问',NULL,'','','PUBLIC',NULL,NULL,3,'',0,NULL,'2026-07-05 18:08:15','2026-07-05 18:08:15'),(131,'匿名访客','','','客户端访问',NULL,'','','PUBLIC',NULL,NULL,3,'',0,NULL,'2026-07-05 18:08:23','2026-07-05 18:08:23'),(132,'匿名访客','','','客户端访问',NULL,'','','PUBLIC',NULL,NULL,3,'',0,NULL,'2026-07-05 18:08:30','2026-07-05 18:08:30'),(133,'匿名访客','','','客户端访问',NULL,'','','PUBLIC',NULL,NULL,3,'',0,NULL,'2026-07-05 18:08:34','2026-07-05 18:08:34'),(134,'匿名访客','','','客户端访问',NULL,'','','PUBLIC',NULL,NULL,3,'',0,NULL,'2026-07-05 18:09:00','2026-07-05 18:09:00'),(135,'匿名访客','','','客户端访问',NULL,'','','PUBLIC',NULL,NULL,3,'',0,NULL,'2026-07-05 18:13:29','2026-07-05 18:13:29'),(136,'匿名访客','','','客户端访问',NULL,'','','PUBLIC',NULL,NULL,3,'',0,NULL,'2026-07-05 18:14:21','2026-07-05 18:14:21'),(137,'匿名访客','','','客户端访问',NULL,'','','PUBLIC',NULL,NULL,3,'',0,NULL,'2026-07-05 18:14:24','2026-07-05 18:14:24'),(138,'匿名访客','','','客户端访问',NULL,'','','PUBLIC',NULL,NULL,3,'',0,NULL,'2026-07-05 18:14:59','2026-07-05 18:14:59'),(139,'匿名访客','','','客户端访问',NULL,'','','PUBLIC',NULL,NULL,3,'',0,NULL,'2026-07-05 18:15:01','2026-07-05 18:15:01'),(140,'匿名访客','','','客户端访问',NULL,'','','PUBLIC',NULL,NULL,3,'',0,NULL,'2026-07-05 18:16:46','2026-07-05 18:16:46'),(141,'匿名访客','','','客户端访问',NULL,'','','PUBLIC',NULL,NULL,3,'',0,NULL,'2026-07-05 18:17:42','2026-07-05 18:17:42'),(142,'匿名访客','','','客户端访问',NULL,'','','PUBLIC',NULL,NULL,3,'',0,NULL,'2026-07-05 18:18:06','2026-07-05 18:18:06'),(143,'匿名访客','','','客户端访问',NULL,'','','PUBLIC',NULL,NULL,3,'',0,NULL,'2026-07-05 18:18:45','2026-07-05 18:18:45'),(144,'匿名访客','','','客户端访问',NULL,'','','PUBLIC',NULL,NULL,3,'',0,NULL,'2026-07-05 18:19:04','2026-07-05 18:19:04'),(145,'匿名访客','','','客户端访问',NULL,'','','PUBLIC',NULL,NULL,3,'',0,NULL,'2026-07-05 18:19:08','2026-07-05 18:19:08'),(146,'匿名访客','','','客户端访问',NULL,'','','PUBLIC',NULL,NULL,3,'',0,NULL,'2026-07-05 18:20:23','2026-07-05 18:20:23'),(147,'匿名访客','','','客户端访问',NULL,'','','PUBLIC',NULL,NULL,3,'',0,NULL,'2026-07-05 18:22:10','2026-07-05 18:22:10'),(148,'匿名访客','','','客户端访问',NULL,'','','PUBLIC',NULL,NULL,3,'',0,NULL,'2026-07-05 18:22:27','2026-07-05 18:22:27'),(149,'匿名访客','','','客户端访问',NULL,'','','PUBLIC',NULL,NULL,3,'',0,NULL,'2026-07-05 18:23:24','2026-07-05 18:23:24'),(150,'匿名访客','','','客户端访问',NULL,'','','PUBLIC',NULL,NULL,3,'',0,NULL,'2026-07-05 18:23:36','2026-07-05 18:23:36'),(151,'匿名访客','','','客户端访问',NULL,'','','PUBLIC',NULL,NULL,3,'',0,NULL,'2026-07-05 18:25:41','2026-07-05 18:25:41'),(152,'科比布莱恩特','','','客户端注册',NULL,'','','PUBLIC',NULL,NULL,3,'',0,NULL,'2026-07-05 18:26:32','2026-07-05 18:26:32'),(153,'匿名访客','','','客户端访问',NULL,'','','PUBLIC',NULL,NULL,3,'',0,NULL,'2026-07-05 18:26:39','2026-07-05 18:26:39'),(154,'匿名访客','','','客户端访问',NULL,'','','PUBLIC',NULL,NULL,3,'',0,NULL,'2026-07-05 18:27:16','2026-07-05 18:27:16'),(155,'匿名访客','','','客户端访问',NULL,'','','PUBLIC',NULL,NULL,3,'',0,NULL,'2026-07-05 18:27:24','2026-07-05 18:27:24'),(156,'匿名访客','','','客户端访问',NULL,'','','PUBLIC',NULL,NULL,3,'',0,NULL,'2026-07-05 18:27:51','2026-07-05 18:27:51'),(157,'匿名访客','','','客户端访问',NULL,'','','PUBLIC',NULL,NULL,3,'',0,NULL,'2026-07-05 18:27:54','2026-07-05 18:27:54'),(158,'匿名访客','','','客户端访问',NULL,'','','PUBLIC',NULL,NULL,3,'',0,NULL,'2026-07-05 18:42:50','2026-07-05 18:42:50'),(159,'匿名访客','','','客户端访问',NULL,'','','PUBLIC',NULL,NULL,3,'',0,NULL,'2026-07-05 18:42:52','2026-07-05 18:42:52'),(160,'匿名访客','','','客户端访问',NULL,'','','PUBLIC',NULL,NULL,3,'',0,NULL,'2026-07-05 18:44:39','2026-07-05 18:44:39'),(161,'匿名访客','','','客户端访问',NULL,'','','PUBLIC',NULL,NULL,3,'',0,NULL,'2026-07-05 18:51:19','2026-07-05 18:51:19'),(162,'匿名访客','','','客户端访问',NULL,'','','PUBLIC',NULL,NULL,3,'',0,NULL,'2026-07-05 18:54:03','2026-07-05 18:54:03'),(163,'匿名访客','','','客户端访问',NULL,'','','PUBLIC',NULL,NULL,3,'',0,NULL,'2026-07-05 19:01:59','2026-07-05 19:01:59'),(164,'匿名访客','','','客户端访问',NULL,'','','PUBLIC',NULL,NULL,3,'',0,NULL,'2026-07-05 19:02:17','2026-07-05 19:02:17'),(165,'匿名访客','','','客户端访问',NULL,'','','PUBLIC',NULL,NULL,3,'',0,NULL,'2026-07-05 19:02:22','2026-07-05 19:02:22'),(166,'匿名访客','','','客户端访问',NULL,'','','PUBLIC',NULL,NULL,3,'',0,NULL,'2026-07-05 19:02:41','2026-07-05 19:02:41'),(167,'匿名访客','','','客户端访问',NULL,'','','PUBLIC',NULL,NULL,3,'',0,NULL,'2026-07-05 19:02:49','2026-07-05 19:02:49'),(168,'匿名访客','','','客户端访问',NULL,'','','PUBLIC',NULL,NULL,3,'',0,NULL,'2026-07-05 19:04:20','2026-07-05 19:04:20'),(169,'嘉豪','9178917899','','客户端注册',NULL,'','','PUBLIC',NULL,NULL,3,'',0,NULL,'2026-07-05 19:06:14','2026-07-05 19:06:14'),(170,'匿名访客','','','客户端访问',NULL,'','','PUBLIC',NULL,NULL,3,'',0,NULL,'2026-07-05 19:07:14','2026-07-05 19:07:14'),(171,'匿名访客','','','客户端访问',NULL,'','','PUBLIC',NULL,NULL,3,'',0,NULL,'2026-07-05 19:09:29','2026-07-05 19:09:29'),(172,'匿名访客','','','客户端访问',NULL,'','','PUBLIC',NULL,NULL,3,'',0,NULL,'2026-07-05 20:12:44','2026-07-05 20:12:44'),(173,'匿名访客','','','客户端访问',NULL,'','','PUBLIC',NULL,NULL,3,'',0,NULL,'2026-07-05 21:41:47','2026-07-05 21:41:47'),(174,'匿名访客','','','客户端访问',NULL,'','','PUBLIC',NULL,NULL,3,'',0,NULL,'2026-07-05 21:41:56','2026-07-05 21:41:56'),(175,'匿名访客','','','客户端访问',NULL,'','','PUBLIC',NULL,NULL,3,'',0,NULL,'2026-07-05 21:42:01','2026-07-05 21:42:01'),(176,'匿名访客','','','客户端访问',NULL,'','','PUBLIC',NULL,NULL,3,'',0,NULL,'2026-07-05 21:42:37','2026-07-05 21:42:37'),(177,'匿名访客','','','客户端访问',NULL,'','','PUBLIC',NULL,NULL,3,'',0,NULL,'2026-07-05 21:42:45','2026-07-05 21:42:45'),(178,'匿名访客','','','客户端访问',NULL,'','','PUBLIC',NULL,NULL,3,'',0,NULL,'2026-07-05 21:43:06','2026-07-05 21:43:06'),(179,'匿名访客','','','客户端访问',NULL,'','','PUBLIC',NULL,NULL,3,'',0,NULL,'2026-07-05 21:43:18','2026-07-05 21:43:18'),(180,'匿名访客','','','客户端访问',NULL,'','','PUBLIC',NULL,NULL,3,'',0,NULL,'2026-07-05 21:43:46','2026-07-05 21:43:46'),(181,'匿名访客','','','客户端访问',NULL,'','','PUBLIC',NULL,NULL,3,'',0,NULL,'2026-07-05 21:43:57','2026-07-05 21:43:57'),(182,'匿名访客','','','客户端访问',NULL,'','','PUBLIC',NULL,NULL,3,'',0,NULL,'2026-07-05 21:45:10','2026-07-05 21:45:10'),(183,'匿名访客','','','客户端访问',NULL,'','','PUBLIC',NULL,NULL,3,'',0,NULL,'2026-07-05 21:45:21','2026-07-05 21:45:21'),(184,'匿名访客','','','客户端访问',NULL,'','','PUBLIC',NULL,NULL,3,'',0,NULL,'2026-07-05 21:46:25','2026-07-05 21:46:25'),(185,'匿名访客','','','客户端访问',NULL,'','','PUBLIC',NULL,NULL,3,'',0,NULL,'2026-07-05 21:49:12','2026-07-05 21:49:12'),(186,'匿名访客','','','客户端访问',NULL,'','','PUBLIC',NULL,NULL,3,'',0,NULL,'2026-07-05 21:49:15','2026-07-05 21:49:15'),(187,'匿名访客','','','客户端访问',NULL,'','','PUBLIC',NULL,NULL,3,'',0,NULL,'2026-07-05 21:49:18','2026-07-05 21:49:18'),(188,'匿名访客','','','客户端访问',NULL,'','','PUBLIC',NULL,NULL,3,'',0,NULL,'2026-07-05 21:49:36','2026-07-05 21:49:36'),(189,'匿名访客','','','客户端访问',NULL,'','','PUBLIC',NULL,NULL,3,'',0,NULL,'2026-07-05 21:49:40','2026-07-05 21:49:40'),(190,'匿名访客','','','客户端访问',NULL,'','','PUBLIC',NULL,NULL,3,'',0,NULL,'2026-07-05 21:49:52','2026-07-05 21:49:52'),(191,'匿名访客','','','客户端访问',NULL,'','','PUBLIC',NULL,NULL,3,'',0,NULL,'2026-07-05 21:49:56','2026-07-05 21:49:56'),(192,'匿名访客','','','客户端访问',NULL,'','','PUBLIC',NULL,NULL,3,'',0,NULL,'2026-07-05 21:50:32','2026-07-05 21:50:32'),(193,'匿名访客','','','客户端访问',NULL,'','','PUBLIC',NULL,NULL,3,'',0,NULL,'2026-07-05 21:56:25','2026-07-05 21:56:25'),(194,'匿名访客','','','客户端访问',NULL,'','','PUBLIC',NULL,NULL,3,'',0,NULL,'2026-07-05 21:57:20','2026-07-05 21:57:20'),(195,'匿名访客','','','客户端访问',NULL,'','','PUBLIC',NULL,NULL,3,'',0,NULL,'2026-07-05 21:57:30','2026-07-05 21:57:30'),(196,'匿名访客','','','客户端访问',NULL,'','','PUBLIC',NULL,NULL,3,'',0,NULL,'2026-07-05 21:57:34','2026-07-05 21:57:34'),(197,'匿名访客','','','客户端访问',NULL,'','','PUBLIC',NULL,NULL,3,'',0,NULL,'2026-07-05 21:57:47','2026-07-05 21:57:47'),(198,'匿名访客','','','客户端访问',NULL,'','','PUBLIC',NULL,NULL,3,'',0,NULL,'2026-07-05 21:58:34','2026-07-05 21:58:34'),(199,'匿名访客','','','客户端访问',NULL,'','','PUBLIC',NULL,NULL,3,'',0,NULL,'2026-07-05 22:00:41','2026-07-05 22:00:41'),(200,'匿名访客','','','客户端访问',NULL,'','','PUBLIC',NULL,NULL,3,'',0,NULL,'2026-07-05 22:39:34','2026-07-05 22:39:34'),(201,'匿名访客','','','客户端访问',NULL,'','','PUBLIC',NULL,NULL,3,'',0,NULL,'2026-07-05 22:39:42','2026-07-05 22:39:42'),(202,'匿名访客','','','客户端访问',NULL,'','','PUBLIC',NULL,NULL,3,'',0,NULL,'2026-07-05 22:39:54','2026-07-05 22:39:54'),(203,'匿名访客','','','客户端访问',NULL,'','','PUBLIC',NULL,NULL,3,'',0,NULL,'2026-07-05 22:39:57','2026-07-05 22:39:57'),(204,'匿名访客','','','客户端访问',NULL,'','','PUBLIC',NULL,NULL,3,'',0,NULL,'2026-07-05 22:41:41','2026-07-05 22:41:41'),(205,'匿名访客','','','客户端访问',NULL,'','','PUBLIC',NULL,NULL,3,'',0,NULL,'2026-07-05 22:42:58','2026-07-05 22:42:58'),(206,'匿名访客','','','客户端访问',NULL,'','','PUBLIC',NULL,NULL,3,'',0,NULL,'2026-07-05 22:43:09','2026-07-05 22:43:09'),(207,'匿名访客','','','客户端访问',NULL,'','','PUBLIC',NULL,NULL,3,'',0,NULL,'2026-07-05 22:43:12','2026-07-05 22:43:12'),(208,'匿名访客','','','客户端访问',NULL,'','','PUBLIC',NULL,NULL,3,'',0,NULL,'2026-07-05 22:43:15','2026-07-05 22:43:15'),(209,'匿名访客','','','客户端访问',NULL,'','','PUBLIC',NULL,NULL,3,'',0,NULL,'2026-07-05 22:43:19','2026-07-05 22:43:19'),(210,'匿名访客','','','客户端访问',NULL,'','','PUBLIC',NULL,NULL,3,'',0,NULL,'2026-07-05 23:10:49','2026-07-05 23:10:49'),(211,'匿名访客','','','客户端访问',NULL,'','','PUBLIC',NULL,NULL,3,'',0,NULL,'2026-07-05 23:11:12','2026-07-05 23:11:12'),(212,'匿名访客','','','客户端访问',NULL,'','','PUBLIC',NULL,NULL,3,'',0,NULL,'2026-07-05 23:12:26','2026-07-05 23:12:26'),(213,'匿名访客','','','客户端访问',NULL,'','','PUBLIC',NULL,NULL,3,'',0,NULL,'2026-07-05 23:12:46','2026-07-05 23:12:46'),(214,'匿名访客','','','客户端访问',NULL,'','','PUBLIC',NULL,NULL,3,'',0,NULL,'2026-07-05 23:12:48','2026-07-05 23:12:48'),(215,'匿名访客','','','客户端访问',NULL,'','','PUBLIC',NULL,NULL,3,'',0,NULL,'2026-07-05 23:12:49','2026-07-05 23:12:49'),(216,'匿名访客','','','客户端访问',NULL,'','','PUBLIC',NULL,NULL,3,'',0,NULL,'2026-07-05 23:13:09','2026-07-05 23:13:09'),(217,'匿名访客','','','客户端访问',NULL,'','','PUBLIC',NULL,NULL,3,'',0,NULL,'2026-07-05 23:13:12','2026-07-05 23:13:12'),(218,'匿名访客','','','客户端访问',NULL,'','','PUBLIC',NULL,NULL,3,'',0,NULL,'2026-07-05 23:13:13','2026-07-05 23:13:13'),(219,'匿名访客','','','客户端访问',NULL,'','','PUBLIC',NULL,NULL,3,'',0,NULL,'2026-07-05 23:13:14','2026-07-05 23:13:14'),(220,'匿名访客','','','客户端访问',NULL,'','','PUBLIC',NULL,NULL,3,'',0,NULL,'2026-07-05 23:13:15','2026-07-05 23:13:15'),(221,'匿名访客','','','客户端访问',NULL,'','','PUBLIC',NULL,NULL,3,'',0,NULL,'2026-07-05 23:13:19','2026-07-05 23:13:19'),(222,'匿名访客','','','客户端访问',NULL,'','','PUBLIC',NULL,NULL,3,'',0,NULL,'2026-07-06 10:56:33','2026-07-06 10:56:33'),(223,'匿名访客','','','客户端访问',NULL,'','','PUBLIC',NULL,NULL,3,'',0,NULL,'2026-07-06 18:49:12','2026-07-06 18:49:12'),(224,'匿名访客','','','客户端访问',NULL,'','','PUBLIC',NULL,NULL,3,'',0,NULL,'2026-07-06 18:49:30','2026-07-06 18:49:30'),(225,'匿名访客','','','客户端访问',NULL,'','','PUBLIC',NULL,NULL,3,'',0,NULL,'2026-07-06 18:49:49','2026-07-06 18:49:49'),(226,'匿名访客','','','客户端访问',NULL,'','','PUBLIC',NULL,NULL,3,'',0,NULL,'2026-07-06 18:49:55','2026-07-06 18:49:55'),(227,'匿名访客','','','客户端访问',NULL,'','','PUBLIC',NULL,NULL,3,'',0,NULL,'2026-07-06 23:41:48','2026-07-06 23:41:48'),(228,'匿名访客','','','客户端访问',NULL,'','','PUBLIC',NULL,NULL,3,'',0,NULL,'2026-07-07 14:36:20','2026-07-07 14:36:20'),(229,'匿名访客','','','客户端访问',NULL,'','','PUBLIC',NULL,NULL,3,'',0,NULL,'2026-07-07 14:36:36','2026-07-07 14:36:36'),(230,'匿名访客','','','客户端访问',NULL,'','','PUBLIC',NULL,NULL,3,'',0,NULL,'2026-07-07 14:36:48','2026-07-07 14:36:48'),(231,'匿名访客','','','客户端访问',NULL,'','','PUBLIC',NULL,NULL,3,'',0,NULL,'2026-07-07 15:07:48','2026-07-07 15:07:48'),(232,'匿名访客','','','客户端访问',NULL,'','','PUBLIC',NULL,NULL,3,'',0,NULL,'2026-07-07 16:18:39','2026-07-07 16:18:39'),(233,'匿名访客','','','客户端访问',NULL,'','','PUBLIC',NULL,NULL,3,'',0,NULL,'2026-07-07 16:18:44','2026-07-07 16:18:44'),(234,'匿名访客','','','客户端访问',NULL,'','','PUBLIC',NULL,NULL,3,'',0,NULL,'2026-07-07 16:50:45','2026-07-07 16:50:45');
/*!40000 ALTER TABLE `crm_lead` ENABLE KEYS */;
UNLOCK TABLES;

--
-- Table structure for table `crm_lead_assign_log`
--

DROP TABLE IF EXISTS `crm_lead_assign_log`;
/*!40101 SET @saved_cs_client     = @@character_set_client */;
/*!50503 SET character_set_client = utf8mb4 */;
CREATE TABLE `crm_lead_assign_log` (
  `id` bigint NOT NULL AUTO_INCREMENT,
  `lead_id` bigint NOT NULL,
  `from_user_id` bigint DEFAULT NULL,
  `to_user_id` bigint NOT NULL,
  `assign_type` varchar(20) NOT NULL COMMENT 'MANUAL/AUTO/RETURN',
  `remark` varchar(200) DEFAULT '',
  `created_by` bigint DEFAULT NULL,
  `created_at` datetime DEFAULT CURRENT_TIMESTAMP,
  PRIMARY KEY (`id`),
  KEY `idx_lead_id` (`lead_id`)
) ENGINE=InnoDB DEFAULT CHARSET=utf8mb4 COLLATE=utf8mb4_0900_ai_ci COMMENT='çº¿ç´¢åˆ†é…æ—¥å¿—è¡¨';
/*!40101 SET character_set_client = @saved_cs_client */;

--
-- Dumping data for table `crm_lead_assign_log`
--

LOCK TABLES `crm_lead_assign_log` WRITE;
/*!40000 ALTER TABLE `crm_lead_assign_log` DISABLE KEYS */;
/*!40000 ALTER TABLE `crm_lead_assign_log` ENABLE KEYS */;
UNLOCK TABLES;

--
-- Table structure for table `crm_lost_customer`
--

DROP TABLE IF EXISTS `crm_lost_customer`;
/*!40101 SET @saved_cs_client     = @@character_set_client */;
/*!50503 SET character_set_client = utf8mb4 */;
CREATE TABLE `crm_lost_customer` (
  `id` bigint NOT NULL AUTO_INCREMENT,
  `customer_id` bigint NOT NULL,
  `lead_id` bigint DEFAULT NULL,
  `lost_reason` varchar(50) NOT NULL COMMENT 'PRICE/MODEL_MISMATCH/COMPETITOR/SERVICE/OTHER',
  `detail` varchar(500) DEFAULT '',
  `review_status` varchar(20) DEFAULT 'PENDING' COMMENT 'PENDING/APPROVED/REJECTED',
  `reviewer_id` bigint DEFAULT NULL,
  `review_comment` varchar(200) DEFAULT '',
  `created_by` bigint DEFAULT NULL,
  `created_at` datetime DEFAULT CURRENT_TIMESTAMP,
  `updated_at` datetime DEFAULT CURRENT_TIMESTAMP ON UPDATE CURRENT_TIMESTAMP,
  PRIMARY KEY (`id`),
  KEY `idx_customer_id` (`customer_id`)
) ENGINE=InnoDB DEFAULT CHARSET=utf8mb4 COLLATE=utf8mb4_0900_ai_ci COMMENT='æˆ˜è´¥å®¢æˆ·è¡¨';
/*!40101 SET character_set_client = @saved_cs_client */;

--
-- Dumping data for table `crm_lost_customer`
--

LOCK TABLES `crm_lost_customer` WRITE;
/*!40000 ALTER TABLE `crm_lost_customer` DISABLE KEYS */;
/*!40000 ALTER TABLE `crm_lost_customer` ENABLE KEYS */;
UNLOCK TABLES;

--
-- Table structure for table `crm_reminder`
--

DROP TABLE IF EXISTS `crm_reminder`;
/*!40101 SET @saved_cs_client     = @@character_set_client */;
/*!50503 SET character_set_client = utf8mb4 */;
CREATE TABLE `crm_reminder` (
  `id` bigint NOT NULL AUTO_INCREMENT,
  `customer_id` bigint NOT NULL,
  `reminder_type` varchar(20) NOT NULL COMMENT 'BIRTHDAY/INSURANCE/INSPECTION/FOLLOW_UP',
  `remind_time` datetime NOT NULL,
  `status` varchar(20) DEFAULT 'PENDING' COMMENT 'PENDING/DONE/DISMISSED',
  `assignee_id` bigint NOT NULL,
  `remark` varchar(200) DEFAULT '',
  `is_deleted` tinyint DEFAULT '0',
  `created_at` datetime DEFAULT CURRENT_TIMESTAMP,
  `updated_at` datetime DEFAULT CURRENT_TIMESTAMP ON UPDATE CURRENT_TIMESTAMP,
  PRIMARY KEY (`id`),
  KEY `idx_remind_time` (`remind_time`),
  KEY `idx_assignee` (`assignee_id`),
  KEY `idx_status` (`status`)
) ENGINE=InnoDB AUTO_INCREMENT=5 DEFAULT CHARSET=utf8mb4 COLLATE=utf8mb4_0900_ai_ci COMMENT='æé†’ä»»åŠ¡è¡¨';
/*!40101 SET character_set_client = @saved_cs_client */;

--
-- Dumping data for table `crm_reminder`
--

LOCK TABLES `crm_reminder` WRITE;
/*!40000 ALTER TABLE `crm_reminder` DISABLE KEYS */;
/*!40000 ALTER TABLE `crm_reminder` ENABLE KEYS */;
UNLOCK TABLES;

--
-- Table structure for table `cs_ticket`
--

DROP TABLE IF EXISTS `cs_ticket`;
/*!40101 SET @saved_cs_client     = @@character_set_client */;
/*!50503 SET character_set_client = utf8mb4 */;
CREATE TABLE `cs_ticket` (
  `id` bigint NOT NULL AUTO_INCREMENT,
  `ticket_no` varchar(30) NOT NULL,
  `customer_id` bigint NOT NULL,
  `customer_name` varchar(50) DEFAULT '',
  `phone` varchar(20) DEFAULT '',
  `category` varchar(30) DEFAULT '' COMMENT 'CONSULTATION/COMPLAINT/RESCUE/OTHER',
  `question` text COMMENT 'å®¢æˆ·é—®é¢˜æ‘˜è¦',
  `chat_context` text COMMENT 'AIå¯¹è¯ä¸Šä¸‹æ–‡JSON',
  `status` varchar(20) DEFAULT 'PENDING' COMMENT 'PENDING/ASSIGNED/PROCESSING/RESOLVED/CLOSED',
  `assignee_id` bigint DEFAULT NULL COMMENT 'åˆ†é…çš„å®¢æœäººå‘˜',
  `resolution` text COMMENT 'è§£å†³æ–¹æ¡ˆ',
  `priority` varchar(10) DEFAULT 'NORMAL' COMMENT 'LOW/NORMAL/HIGH/URGENT',
  `created_at` datetime DEFAULT CURRENT_TIMESTAMP,
  `resolved_at` datetime DEFAULT NULL,
  `updated_at` datetime DEFAULT CURRENT_TIMESTAMP ON UPDATE CURRENT_TIMESTAMP,
  PRIMARY KEY (`id`),
  UNIQUE KEY `ticket_no` (`ticket_no`),
  KEY `idx_customer` (`customer_id`),
  KEY `idx_status` (`status`),
  KEY `idx_assignee` (`assignee_id`)
) ENGINE=InnoDB AUTO_INCREMENT=13 DEFAULT CHARSET=utf8mb4 COLLATE=utf8mb4_0900_ai_ci COMMENT='äººå·¥å®¢æœå·¥å•è¡¨';
/*!40101 SET character_set_client = @saved_cs_client */;

--
-- Dumping data for table `cs_ticket`
--

LOCK TABLES `cs_ticket` WRITE;
/*!40000 ALTER TABLE `cs_ticket` DISABLE KEYS */;
INSERT INTO `cs_ticket` VALUES (1,'CS1779936949525',14,'用户8910','12345678910','','客户请求转人工','','PENDING',NULL,NULL,'NORMAL','2026-05-28 02:55:49',NULL,'2026-05-28 02:55:49'),(2,'CS1779938170792',24,'用户8910','12345678910','','客户请求转人工','','PENDING',NULL,NULL,'NORMAL','2026-05-28 03:16:10',NULL,'2026-05-28 03:16:10'),(3,'CS1779938912158',33,'用户8910','12345678910','','客户请求转人工','','PENDING',NULL,NULL,'NORMAL','2026-05-28 03:28:32',NULL,'2026-05-28 03:28:32'),(4,'CS1779938912932',33,'用户8910','12345678910','','客户请求转人工','','PENDING',NULL,NULL,'NORMAL','2026-05-28 03:28:32',NULL,'2026-05-28 03:28:32'),(5,'CS1779938913075',33,'用户8910','12345678910','','客户请求转人工','','PENDING',NULL,NULL,'NORMAL','2026-05-28 03:28:33',NULL,'2026-05-28 03:28:33'),(6,'CS1779938944225',33,'用户8910','12345678910','','计算金融方案','USER: 计算金融方案','PENDING',NULL,NULL,'NORMAL','2026-05-28 03:29:04',NULL,'2026-05-28 03:29:04'),(7,'CS1783160740862',42,'','','','客户请求转人工','','PENDING',NULL,NULL,'NORMAL','2026-07-04 10:25:40',NULL,'2026-07-04 10:25:40'),(8,'CS1783160744371',42,'','','','客户请求转人工','','PENDING',NULL,NULL,'NORMAL','2026-07-04 10:25:44',NULL,'2026-07-04 10:25:44'),(9,'CS1783247248435',1,'','','','客户请求转人工','','PENDING',NULL,NULL,'NORMAL','2026-07-05 18:27:28',NULL,'2026-07-05 18:27:28'),(10,'CS1783247895652',77,'圆头耄耋','14796906618','','客户请求转人工','','PENDING',NULL,NULL,'NORMAL','2026-07-05 18:38:15',NULL,'2026-07-05 18:38:15'),(11,'CS1783248042245',77,'圆头耄耋','14796906618','','评价一下李嘉宇这个名字','USER: 评价一下李嘉宇这个名字\\nAI: 您好，我是润达4S店的智能客服小润，专注于解答购车、保养、维修等汽车相关问题。\n\n关于您提到的“8+8”，这是一个基础的数学计算，答案是16。不过，如果您是在考虑购车预算、分期付款计算或金融方案时遇到类似数字问题，例如“首付8万，贷款8万”的情况，我可以帮您分析具体方案哦！\n\n如果您有其他购车疑问，比如车型推荐、保养周期或门店地址，随时告诉我！如果需要转接人工客服，请直接说明。\\nUSER: 8+8等于多少？\\nAI: 您好！很高兴为您解答购车疑问！请问您想了解哪些方面呢？比如：\n\n1. **车型推荐**：您偏好轿车、SUV还是新能源车？预算大概是多少？\n2. **价格优惠**：目前多款车型有促销活动，部分可享0利率分期或置换补贴。\n3. **金融方案**：首付最低20%，贷款期限灵活，具体利率根据车型和信用评估而定。\n4. **试驾预约**：我可以帮您安排免费试驾，体验车辆性能。\n\n或者您有其他问题，比如配置差异、保险费用、上牌流程等，都可以直接问我！如果需要转人工客服进一步咨询，也请告诉我哦～\\nUSER: 你好\\nAI: 好的，我来为您介绍润达4S店的常见金融方案，方便您计算：\n\n1. **标准分期贷款**：首付最低30%，贷款期限12-60期，年利率根据车型和信用评估浮动（约3%-8%）。\n2. **低首付方案**：部分车型支持首付低至20%，适合预算有限的客户。\n3. **0利率分期**：指定车型可享24期或36期免息，但需满足活动条件。\n4. **灵活尾款方案**：首付50%，尾款1年后结清，月供较低。\n\n**示例计算**：假设车价20万元，首付30%（6万元），贷款14万元，36期年利率5%，月供约4,200元。具体金额以实际审批为准。\n\n如果您想获取精确方案，请提供车型、预算和期望的首付比例，我帮您模拟计算！如需转人工客服进一步咨询，请告诉我。\\nUSER: 计算金融方案\\nAI: 您好！如果您想预约试驾，请提供以下信息，我会立即为您安排：\n1. **您的姓名和联系电话**\n2. **希望试驾的车型**（比如轿车、SUV或新能源车）\n3. **方便的时间段**（如：本周六下午2点）\n\n另外，关于购车疑问，您可以直接问我，比如车型对比、价格优惠、金融方案、质保政策等，我都会详细解答！我们润达4S店现在有多款车型有促销活动，部分车型可享0首付或低利率分期，欢迎咨询～\\nUSER: 预约试驾\\nAI: 您好！我是小润，很高兴为您解答购车相关问题！请问您想了解哪些方面呢？比如车型配置、价格优惠、贷款方案，还是试驾预约？我们润达4S店提供多款热门车型，包括轿车、SUV和新能源车，可以满足不同需求。如果您有具体预算或偏好，告诉我，我可以给您推荐合适的车型！','PENDING',NULL,NULL,'NORMAL','2026-07-05 18:40:42',NULL,'2026-07-05 18:40:42'),(12,'CS1783262553615',1,'','','','客户请求转人工','','PENDING',NULL,NULL,'NORMAL','2026-07-05 22:42:33',NULL,'2026-07-05 22:42:33');
/*!40000 ALTER TABLE `cs_ticket` ENABLE KEYS */;
UNLOCK TABLES;

--
-- Table structure for table `customer_advisor`
--

DROP TABLE IF EXISTS `customer_advisor`;
/*!40101 SET @saved_cs_client     = @@character_set_client */;
/*!50503 SET character_set_client = utf8mb4 */;
CREATE TABLE `customer_advisor` (
  `id` bigint NOT NULL AUTO_INCREMENT,
  `customer_id` bigint NOT NULL,
  `sales_advisor_id` bigint DEFAULT NULL COMMENT 'ä¸“å±žé”€å”®é¡¾é—®',
  `service_advisor_id` bigint DEFAULT NULL COMMENT 'ä¸“å±žæœåŠ¡é¡¾é—®',
  `sales_advisor_qrcode` varchar(500) DEFAULT '' COMMENT 'ä¼å¾®äºŒç»´ç ',
  `service_advisor_qrcode` varchar(500) DEFAULT '',
  `created_at` datetime DEFAULT CURRENT_TIMESTAMP,
  `updated_at` datetime DEFAULT CURRENT_TIMESTAMP ON UPDATE CURRENT_TIMESTAMP,
  PRIMARY KEY (`id`),
  UNIQUE KEY `customer_id` (`customer_id`),
  KEY `idx_customer` (`customer_id`)
) ENGINE=InnoDB DEFAULT CHARSET=utf8mb4 COLLATE=utf8mb4_0900_ai_ci COMMENT='ä¸“å±žé¡¾é—®åˆ†é…è¡¨';
/*!40101 SET character_set_client = @saved_cs_client */;

--
-- Dumping data for table `customer_advisor`
--

LOCK TABLES `customer_advisor` WRITE;
/*!40000 ALTER TABLE `customer_advisor` DISABLE KEYS */;
/*!40000 ALTER TABLE `customer_advisor` ENABLE KEYS */;
UNLOCK TABLES;

--
-- Table structure for table `customer_points`
--

DROP TABLE IF EXISTS `customer_points`;
/*!40101 SET @saved_cs_client     = @@character_set_client */;
/*!50503 SET character_set_client = utf8mb4 */;
CREATE TABLE `customer_points` (
  `id` bigint NOT NULL AUTO_INCREMENT,
  `customer_id` bigint NOT NULL,
  `total_points` int DEFAULT '0' COMMENT 'å½“å‰ç§¯åˆ†',
  `total_growth` int DEFAULT '0' COMMENT 'æˆé•¿å€¼',
  `member_level` varchar(20) DEFAULT 'NORMAL' COMMENT 'NORMAL/SILVER/GOLD/PLATINUM/DIAMOND',
  `created_at` datetime DEFAULT CURRENT_TIMESTAMP,
  `updated_at` datetime DEFAULT CURRENT_TIMESTAMP ON UPDATE CURRENT_TIMESTAMP,
  PRIMARY KEY (`id`),
  KEY `idx_customer` (`customer_id`)
) ENGINE=InnoDB DEFAULT CHARSET=utf8mb4 COLLATE=utf8mb4_0900_ai_ci COMMENT='å®¢æˆ·ç§¯åˆ†è¡¨';
/*!40101 SET character_set_client = @saved_cs_client */;

--
-- Dumping data for table `customer_points`
--

LOCK TABLES `customer_points` WRITE;
/*!40000 ALTER TABLE `customer_points` DISABLE KEYS */;
/*!40000 ALTER TABLE `customer_points` ENABLE KEYS */;
UNLOCK TABLES;

--
-- Table structure for table `customer_points_log`
--

DROP TABLE IF EXISTS `customer_points_log`;
/*!40101 SET @saved_cs_client     = @@character_set_client */;
/*!50503 SET character_set_client = utf8mb4 */;
CREATE TABLE `customer_points_log` (
  `id` bigint NOT NULL AUTO_INCREMENT,
  `customer_id` bigint NOT NULL,
  `change_type` varchar(20) NOT NULL COMMENT 'EARN/CONSUME/EXPIRE',
  `points` int NOT NULL COMMENT 'å˜æ›´ç§¯åˆ†',
  `growth` int DEFAULT '0' COMMENT 'å˜æ›´æˆé•¿å€¼',
  `source` varchar(50) DEFAULT '' COMMENT 'æ¥æº: æ¶ˆè´¹/ç­¾åˆ°/æ´»åŠ¨/æŽ¨è',
  `source_id` bigint DEFAULT NULL COMMENT 'æ¥æºID',
  `remark` varchar(200) DEFAULT '',
  `created_at` datetime DEFAULT CURRENT_TIMESTAMP,
  PRIMARY KEY (`id`),
  KEY `idx_customer` (`customer_id`),
  KEY `idx_created_at` (`created_at`)
) ENGINE=InnoDB DEFAULT CHARSET=utf8mb4 COLLATE=utf8mb4_0900_ai_ci COMMENT='ç§¯åˆ†å˜åŠ¨æ—¥å¿—è¡¨';
/*!40101 SET character_set_client = @saved_cs_client */;

--
-- Dumping data for table `customer_points_log`
--

LOCK TABLES `customer_points_log` WRITE;
/*!40000 ALTER TABLE `customer_points_log` DISABLE KEYS */;
/*!40000 ALTER TABLE `customer_points_log` ENABLE KEYS */;
UNLOCK TABLES;

--
-- Table structure for table `customer_vehicle`
--

DROP TABLE IF EXISTS `customer_vehicle`;
/*!40101 SET @saved_cs_client     = @@character_set_client */;
/*!50503 SET character_set_client = utf8mb4 */;
CREATE TABLE `customer_vehicle` (
  `id` bigint NOT NULL AUTO_INCREMENT,
  `customer_id` bigint NOT NULL COMMENT 'å…³è” crm_customer.id',
  `vin` varchar(30) DEFAULT '' COMMENT 'VINç ',
  `license_plate` varchar(20) DEFAULT '' COMMENT 'è½¦ç‰Œå·',
  `brand` varchar(50) DEFAULT '',
  `model` varchar(100) DEFAULT '',
  `model_year` int DEFAULT '0',
  `mileage` int DEFAULT '0' COMMENT 'å½“å‰é‡Œç¨‹',
  `engine_no` varchar(30) DEFAULT '',
  `insurance_company` varchar(50) DEFAULT '',
  `insurance_due_date` date DEFAULT NULL,
  `inspection_due_date` date DEFAULT NULL,
  `is_default` tinyint DEFAULT '0' COMMENT 'é»˜è®¤è½¦è¾†',
  `created_at` datetime DEFAULT CURRENT_TIMESTAMP,
  `updated_at` datetime DEFAULT CURRENT_TIMESTAMP ON UPDATE CURRENT_TIMESTAMP,
  PRIMARY KEY (`id`),
  KEY `idx_customer` (`customer_id`),
  KEY `idx_vin` (`vin`),
  KEY `idx_plate` (`license_plate`)
) ENGINE=InnoDB AUTO_INCREMENT=2 DEFAULT CHARSET=utf8mb4 COLLATE=utf8mb4_0900_ai_ci COMMENT='å®¢æˆ·ç»‘å®šè½¦è¾†è¡¨';
/*!40101 SET character_set_client = @saved_cs_client */;

--
-- Dumping data for table `customer_vehicle`
--

LOCK TABLES `customer_vehicle` WRITE;
/*!40000 ALTER TABLE `customer_vehicle` DISABLE KEYS */;
INSERT INTO `customer_vehicle` VALUES (1,1,'LSVAA4180E2123456','?A12345','??','A6L',2024,15000,'','',NULL,NULL,0,'2026-05-28 01:17:00','2026-05-28 01:17:00');
/*!40000 ALTER TABLE `customer_vehicle` ENABLE KEYS */;
UNLOCK TABLES;

--
-- Table structure for table `fin_daily_settlement`
--

DROP TABLE IF EXISTS `fin_daily_settlement`;
/*!40101 SET @saved_cs_client     = @@character_set_client */;
/*!50503 SET character_set_client = utf8mb4 */;
CREATE TABLE `fin_daily_settlement` (
  `id` bigint NOT NULL AUTO_INCREMENT,
  `settle_date` date NOT NULL,
  `settle_by` bigint DEFAULT NULL COMMENT 'æ”¶é“¶å‘˜',
  `cash_amount` decimal(12,2) DEFAULT '0.00',
  `card_amount` decimal(12,2) DEFAULT '0.00',
  `wechat_amount` decimal(12,2) DEFAULT '0.00',
  `alipay_amount` decimal(12,2) DEFAULT '0.00',
  `transfer_amount` decimal(12,2) DEFAULT '0.00',
  `total_amount` decimal(12,2) DEFAULT '0.00',
  `bank_amount` decimal(12,2) DEFAULT '0.00' COMMENT 'é“¶è¡Œæµæ°´æ€»é¢',
  `diff_amount` decimal(12,2) DEFAULT '0.00' COMMENT 'å·®å¼‚',
  `status` varchar(20) DEFAULT 'PENDING' COMMENT 'PENDING/CONFIRMED',
  `confirmed_by` bigint DEFAULT NULL,
  `confirmed_at` datetime DEFAULT NULL,
  `is_deleted` tinyint DEFAULT '0',
  `created_at` datetime DEFAULT CURRENT_TIMESTAMP,
  `updated_at` datetime DEFAULT CURRENT_TIMESTAMP ON UPDATE CURRENT_TIMESTAMP,
  PRIMARY KEY (`id`),
  UNIQUE KEY `uk_date_user` (`settle_date`,`settle_by`)
) ENGINE=InnoDB DEFAULT CHARSET=utf8mb4 COLLATE=utf8mb4_0900_ai_ci COMMENT='æ—¥ç»“è¡¨';
/*!40101 SET character_set_client = @saved_cs_client */;

--
-- Dumping data for table `fin_daily_settlement`
--

LOCK TABLES `fin_daily_settlement` WRITE;
/*!40000 ALTER TABLE `fin_daily_settlement` DISABLE KEYS */;
/*!40000 ALTER TABLE `fin_daily_settlement` ENABLE KEYS */;
UNLOCK TABLES;

--
-- Table structure for table `fin_invoice`
--

DROP TABLE IF EXISTS `fin_invoice`;
/*!40101 SET @saved_cs_client     = @@character_set_client */;
/*!50503 SET character_set_client = utf8mb4 */;
CREATE TABLE `fin_invoice` (
  `id` bigint NOT NULL AUTO_INCREMENT,
  `invoice_no` varchar(30) NOT NULL,
  `invoice_type` varchar(20) NOT NULL COMMENT 'SALE/SERVICE/OTHER',
  `order_id` bigint DEFAULT NULL,
  `work_order_id` bigint DEFAULT NULL,
  `customer_name` varchar(50) DEFAULT '',
  `amount` decimal(12,2) DEFAULT '0.00',
  `tax_amount` decimal(12,2) DEFAULT '0.00',
  `total_amount` decimal(12,2) DEFAULT '0.00',
  `status` varchar(20) DEFAULT 'ISSUED' COMMENT 'ISSUED/VOIDED/RED_FLUSH',
  `issued_by` bigint DEFAULT NULL,
  `issued_at` datetime DEFAULT NULL,
  `voided_at` datetime DEFAULT NULL,
  `void_reason` varchar(200) DEFAULT '',
  `file_path` varchar(500) DEFAULT '' COMMENT 'å‘ç¥¨æ–‡ä»¶è·¯å¾„',
  `is_deleted` tinyint DEFAULT '0',
  `created_at` datetime DEFAULT CURRENT_TIMESTAMP,
  `updated_at` datetime DEFAULT CURRENT_TIMESTAMP ON UPDATE CURRENT_TIMESTAMP,
  PRIMARY KEY (`id`),
  UNIQUE KEY `invoice_no` (`invoice_no`),
  KEY `idx_invoice_no` (`invoice_no`),
  KEY `idx_order_id` (`order_id`)
) ENGINE=InnoDB DEFAULT CHARSET=utf8mb4 COLLATE=utf8mb4_0900_ai_ci COMMENT='å‘ç¥¨è¡¨';
/*!40101 SET character_set_client = @saved_cs_client */;

--
-- Dumping data for table `fin_invoice`
--

LOCK TABLES `fin_invoice` WRITE;
/*!40000 ALTER TABLE `fin_invoice` DISABLE KEYS */;
/*!40000 ALTER TABLE `fin_invoice` ENABLE KEYS */;
UNLOCK TABLES;

--
-- Table structure for table `fin_payment`
--

DROP TABLE IF EXISTS `fin_payment`;
/*!40101 SET @saved_cs_client     = @@character_set_client */;
/*!50503 SET character_set_client = utf8mb4 */;
CREATE TABLE `fin_payment` (
  `id` bigint NOT NULL AUTO_INCREMENT,
  `payment_no` varchar(30) NOT NULL,
  `payment_type` varchar(30) NOT NULL COMMENT 'SALE_DEPOSIT/SALE_BALANCE/SERVICE/INSURANCE/OTHER',
  `amount` decimal(12,2) NOT NULL,
  `payment_method` varchar(20) NOT NULL COMMENT 'CASH/BANK_CARD/WECHAT/ALIPAY/TRANSFER',
  `voucher_no` varchar(50) DEFAULT '' COMMENT 'å‡­è¯å·/æµæ°´å·',
  `order_id` bigint DEFAULT NULL COMMENT 'å…³è”é”€å”®è®¢å•',
  `work_order_id` bigint DEFAULT NULL COMMENT 'å…³è”ç»´ä¿®å·¥å•',
  `customer_id` bigint DEFAULT NULL,
  `payer_name` varchar(50) DEFAULT '',
  `remark` varchar(200) DEFAULT '',
  `status` varchar(20) DEFAULT 'COMPLETED' COMMENT 'COMPLETED/REFUNDED/PART_REFUND',
  `received_by` bigint DEFAULT NULL COMMENT 'æ”¶æ¬¾äºº',
  `paid_at` datetime DEFAULT NULL,
  `is_deleted` tinyint DEFAULT '0',
  `created_at` datetime DEFAULT CURRENT_TIMESTAMP,
  `updated_at` datetime DEFAULT CURRENT_TIMESTAMP ON UPDATE CURRENT_TIMESTAMP,
  PRIMARY KEY (`id`),
  UNIQUE KEY `payment_no` (`payment_no`),
  KEY `idx_payment_type` (`payment_type`),
  KEY `idx_order_id` (`order_id`),
  KEY `idx_paid_at` (`paid_at`)
) ENGINE=InnoDB AUTO_INCREMENT=27 DEFAULT CHARSET=utf8mb4 COLLATE=utf8mb4_0900_ai_ci COMMENT='æ”¶æ¬¾è¡¨';
/*!40101 SET character_set_client = @saved_cs_client */;

--
-- Dumping data for table `fin_payment`
--

LOCK TABLES `fin_payment` WRITE;
/*!40000 ALTER TABLE `fin_payment` DISABLE KEYS */;
INSERT INTO `fin_payment` VALUES (24,'PAY44500','SALE_DEPOSIT',5000.00,'CASH','',NULL,NULL,NULL,'张伟','','COMPLETED',NULL,'2026-06-04 14:07:47',0,'2026-06-04 06:07:47','2026-06-04 06:07:47'),(25,'PAY32900','SALE_BALANCE',420000.00,'BANK_CARD','',NULL,NULL,NULL,'李娜','','COMPLETED',NULL,'2026-06-03 14:07:47',0,'2026-06-04 06:07:47','2026-06-04 06:07:47'),(26,'PAY95600','SERVICE',2800.00,'WECHAT','',NULL,NULL,NULL,'王磊','','COMPLETED',NULL,'2026-06-02 14:07:47',0,'2026-06-04 06:07:47','2026-06-04 06:07:47');
/*!40000 ALTER TABLE `fin_payment` ENABLE KEYS */;
UNLOCK TABLES;

--
-- Table structure for table `fin_profit`
--

DROP TABLE IF EXISTS `fin_profit`;
/*!40101 SET @saved_cs_client     = @@character_set_client */;
/*!50503 SET character_set_client = utf8mb4 */;
CREATE TABLE `fin_profit` (
  `id` bigint NOT NULL AUTO_INCREMENT,
  `period_type` varchar(10) NOT NULL COMMENT 'MONTH/QUARTER/YEAR',
  `period_value` varchar(20) NOT NULL COMMENT '2026-05',
  `biz_type` varchar(20) NOT NULL COMMENT 'SALE/SERVICE/ACCESSORY',
  `revenue` decimal(14,2) DEFAULT '0.00' COMMENT 'æ”¶å…¥',
  `cost` decimal(14,2) DEFAULT '0.00' COMMENT 'æˆæœ¬',
  `gross_profit` decimal(14,2) DEFAULT '0.00' COMMENT 'æ¯›åˆ©',
  `gross_margin` decimal(5,2) DEFAULT '0.00' COMMENT 'æ¯›åˆ©çŽ‡',
  `expense` decimal(14,2) DEFAULT '0.00' COMMENT 'è´¹ç”¨',
  `net_profit` decimal(14,2) DEFAULT '0.00' COMMENT 'å‡€åˆ©æ¶¦',
  `created_at` datetime DEFAULT CURRENT_TIMESTAMP,
  PRIMARY KEY (`id`),
  KEY `idx_period` (`period_value`,`biz_type`)
) ENGINE=InnoDB DEFAULT CHARSET=utf8mb4 COLLATE=utf8mb4_0900_ai_ci COMMENT='åˆ©æ¶¦æ ¸ç®—è¡¨';
/*!40101 SET character_set_client = @saved_cs_client */;

--
-- Dumping data for table `fin_profit`
--

LOCK TABLES `fin_profit` WRITE;
/*!40000 ALTER TABLE `fin_profit` DISABLE KEYS */;
/*!40000 ALTER TABLE `fin_profit` ENABLE KEYS */;
UNLOCK TABLES;

--
-- Table structure for table `fin_receivable`
--

DROP TABLE IF EXISTS `fin_receivable`;
/*!40101 SET @saved_cs_client     = @@character_set_client */;
/*!50503 SET character_set_client = utf8mb4 */;
CREATE TABLE `fin_receivable` (
  `id` bigint NOT NULL AUTO_INCREMENT,
  `receivable_no` varchar(30) NOT NULL,
  `customer_name` varchar(50) NOT NULL,
  `order_id` bigint DEFAULT NULL,
  `amount` decimal(12,2) NOT NULL,
  `paid_amount` decimal(12,2) DEFAULT '0.00',
  `due_date` date NOT NULL,
  `status` varchar(20) DEFAULT 'PENDING' COMMENT 'PENDING/PARTIAL/PAID/OVERDUE',
  `collection_records` text COMMENT 'å‚¬æ”¶è®°å½• JSON',
  `is_deleted` tinyint DEFAULT '0',
  `created_by` bigint DEFAULT NULL,
  `created_at` datetime DEFAULT CURRENT_TIMESTAMP,
  `updated_at` datetime DEFAULT CURRENT_TIMESTAMP ON UPDATE CURRENT_TIMESTAMP,
  PRIMARY KEY (`id`),
  UNIQUE KEY `receivable_no` (`receivable_no`),
  KEY `idx_due_date` (`due_date`),
  KEY `idx_status` (`status`)
) ENGINE=InnoDB DEFAULT CHARSET=utf8mb4 COLLATE=utf8mb4_0900_ai_ci COMMENT='åº”æ”¶è´¦æ¬¾è¡¨';
/*!40101 SET character_set_client = @saved_cs_client */;

--
-- Dumping data for table `fin_receivable`
--

LOCK TABLES `fin_receivable` WRITE;
/*!40000 ALTER TABLE `fin_receivable` DISABLE KEYS */;
/*!40000 ALTER TABLE `fin_receivable` ENABLE KEYS */;
UNLOCK TABLES;

--
-- Table structure for table `fin_refund`
--

DROP TABLE IF EXISTS `fin_refund`;
/*!40101 SET @saved_cs_client     = @@character_set_client */;
/*!50503 SET character_set_client = utf8mb4 */;
CREATE TABLE `fin_refund` (
  `id` bigint NOT NULL AUTO_INCREMENT,
  `refund_no` varchar(30) NOT NULL,
  `payment_id` bigint NOT NULL COMMENT 'åŽŸæ”¶æ¬¾è®°å½•',
  `amount` decimal(12,2) NOT NULL,
  `reason` varchar(200) NOT NULL,
  `status` varchar(20) DEFAULT 'PENDING' COMMENT 'PENDING/APPROVED/COMPLETED/REJECTED',
  `approved_by` bigint DEFAULT NULL,
  `approved_at` datetime DEFAULT NULL,
  `refunded_at` datetime DEFAULT NULL,
  `is_deleted` tinyint DEFAULT '0',
  `created_by` bigint DEFAULT NULL,
  `created_at` datetime DEFAULT CURRENT_TIMESTAMP,
  `updated_at` datetime DEFAULT CURRENT_TIMESTAMP ON UPDATE CURRENT_TIMESTAMP,
  PRIMARY KEY (`id`),
  UNIQUE KEY `refund_no` (`refund_no`),
  KEY `idx_payment_id` (`payment_id`)
) ENGINE=InnoDB DEFAULT CHARSET=utf8mb4 COLLATE=utf8mb4_0900_ai_ci COMMENT='é€€æ¬¾è¡¨';
/*!40101 SET character_set_client = @saved_cs_client */;

--
-- Dumping data for table `fin_refund`
--

LOCK TABLES `fin_refund` WRITE;
/*!40000 ALTER TABLE `fin_refund` DISABLE KEYS */;
/*!40000 ALTER TABLE `fin_refund` ENABLE KEYS */;
UNLOCK TABLES;

--
-- Table structure for table `kb_faq`
--

DROP TABLE IF EXISTS `kb_faq`;
/*!40101 SET @saved_cs_client     = @@character_set_client */;
/*!50503 SET character_set_client = utf8mb4 */;
CREATE TABLE `kb_faq` (
  `id` bigint NOT NULL AUTO_INCREMENT,
  `category` varchar(30) NOT NULL COMMENT 'MAINTENANCE/INSURANCE/PRICE/PROCESS/OTHER',
  `question` varchar(500) NOT NULL,
  `answer` text NOT NULL,
  `keywords` varchar(200) DEFAULT '' COMMENT 'å…³é”®è¯,é€—å·åˆ†éš”',
  `sort_order` int DEFAULT '0',
  `status` tinyint DEFAULT '1',
  `created_at` datetime DEFAULT CURRENT_TIMESTAMP,
  `updated_at` datetime DEFAULT CURRENT_TIMESTAMP ON UPDATE CURRENT_TIMESTAMP,
  PRIMARY KEY (`id`),
  FULLTEXT KEY `ft_faq_ngram` (`question`,`answer`,`keywords`) /*!50100 WITH PARSER `ngram` */ 
) ENGINE=InnoDB AUTO_INCREMENT=182 DEFAULT CHARSET=utf8mb4 COLLATE=utf8mb4_0900_ai_ci COMMENT='AIçŸ¥è¯†åº“FAQè¡¨';
/*!40101 SET character_set_client = @saved_cs_client */;

--
-- Dumping data for table `kb_faq`
--

LOCK TABLES `kb_faq` WRITE;
/*!40000 ALTER TABLE `kb_faq` DISABLE KEYS */;
INSERT INTO `kb_faq` VALUES (169,'MAINTENANCE','首保什么时候做','新车首保一般为购车后3个月或3000-5000公里','首保,保养,时间',0,1,'2026-06-04 06:07:47','2026-06-04 06:07:47'),(170,'MAINTENANCE','小保养和大保养有什么区别','小保养一般指更换机油和机油滤芯，费用约500-1500元','保养,大小保养,机油',0,1,'2026-06-04 06:07:47','2026-06-04 06:07:47'),(171,'MAINTENANCE','机油怎么选','选择机油需看粘度等级和品质等级。全合成油10000公里更换','机油,全合成,粘度',0,1,'2026-06-04 06:07:47','2026-06-04 06:07:47'),(172,'MAINTENANCE','刹车片多久换一次','前刹车片一般3-5万公里更换，后刹车片5-8万公里','刹车片,更换',0,1,'2026-06-04 06:07:47','2026-06-04 06:07:47'),(173,'INSURANCE','新车保险怎么买','新车需购买交强险+车损险+三者险+不计免赔','保险,新车,交强险',0,1,'2026-06-04 06:07:47','2026-06-04 06:07:47'),(174,'INSURANCE','出险后怎么处理','开启双闪、放警示牌、拍照取证、拨打保险公司报案','出险,事故,报案',0,1,'2026-06-04 06:07:47','2026-06-04 06:07:47'),(175,'PRICE','买车落地价包含哪些费用','落地价=裸车价+购置税+保险费+上牌费','落地价,购置税,保险',0,1,'2026-06-04 06:07:47','2026-06-04 06:07:47'),(176,'PRICE','贷款买车和全款哪个划算','全款总支出更低；贷款资金压力小，有厂家免息政策','贷款,全款,利息',0,1,'2026-06-04 06:07:47','2026-06-04 06:07:47'),(177,'PROCESS','提车流程是怎样的','验车→交尾款→买保险→临牌→交车仪式→领资料','提车,流程,验车',0,1,'2026-06-04 06:07:47','2026-06-04 06:07:47'),(178,'PROCESS','预约保养怎么操作','通过小程序选择类型、日期和时间段，自动排班','预约,保养,小程序',0,1,'2026-06-04 06:07:47','2026-06-04 06:07:47'),(179,'OTHER','你们店的营业时间','销售展厅每日9:00-18:00；售后周一至周六8:30-17:30','营业时间,展厅',0,1,'2026-06-04 06:07:47','2026-06-04 06:07:47'),(180,'OTHER','有没有代步车服务','重大维修超48小时可申请免费代步车','代步车,免费',0,1,'2026-06-04 06:07:47','2026-06-04 06:07:47'),(181,'OTHER','你们店在什么位置','润达4S店位于XX市XX区XX路XX号汽车城内','地址,位置,导航',0,1,'2026-06-04 06:07:47','2026-06-04 06:07:47');
/*!40000 ALTER TABLE `kb_faq` ENABLE KEYS */;
UNLOCK TABLES;

--
-- Table structure for table `mall_order`
--

DROP TABLE IF EXISTS `mall_order`;
/*!40101 SET @saved_cs_client     = @@character_set_client */;
/*!50503 SET character_set_client = utf8mb4 */;
CREATE TABLE `mall_order` (
  `id` bigint NOT NULL AUTO_INCREMENT,
  `order_no` varchar(30) NOT NULL,
  `customer_id` bigint NOT NULL,
  `total_amount` decimal(10,2) DEFAULT '0.00',
  `discount_amount` decimal(10,2) DEFAULT '0.00',
  `pay_amount` decimal(10,2) DEFAULT '0.00',
  `status` varchar(20) DEFAULT 'PENDING_PAY' COMMENT 'PENDING_PAY/PAID/SHIPPED/COMPLETED/CANCELLED',
  `pay_method` varchar(20) DEFAULT '',
  `pay_time` datetime DEFAULT NULL,
  `remark` varchar(200) DEFAULT '',
  `created_at` datetime DEFAULT CURRENT_TIMESTAMP,
  `updated_at` datetime DEFAULT CURRENT_TIMESTAMP ON UPDATE CURRENT_TIMESTAMP,
  PRIMARY KEY (`id`),
  UNIQUE KEY `order_no` (`order_no`),
  KEY `idx_customer` (`customer_id`),
  KEY `idx_order_no` (`order_no`)
) ENGINE=InnoDB DEFAULT CHARSET=utf8mb4 COLLATE=utf8mb4_0900_ai_ci COMMENT='å•†åŸŽè®¢å•è¡¨';
/*!40101 SET character_set_client = @saved_cs_client */;

--
-- Dumping data for table `mall_order`
--

LOCK TABLES `mall_order` WRITE;
/*!40000 ALTER TABLE `mall_order` DISABLE KEYS */;
/*!40000 ALTER TABLE `mall_order` ENABLE KEYS */;
UNLOCK TABLES;

--
-- Table structure for table `mall_order_item`
--

DROP TABLE IF EXISTS `mall_order_item`;
/*!40101 SET @saved_cs_client     = @@character_set_client */;
/*!50503 SET character_set_client = utf8mb4 */;
CREATE TABLE `mall_order_item` (
  `id` bigint NOT NULL AUTO_INCREMENT,
  `order_id` bigint NOT NULL,
  `product_id` bigint NOT NULL,
  `product_name` varchar(100) DEFAULT '',
  `price` decimal(10,2) DEFAULT '0.00',
  `quantity` int DEFAULT '1',
  `total_price` decimal(10,2) DEFAULT '0.00',
  PRIMARY KEY (`id`),
  KEY `idx_order_id` (`order_id`)
) ENGINE=InnoDB DEFAULT CHARSET=utf8mb4 COLLATE=utf8mb4_0900_ai_ci COMMENT='å•†åŸŽè®¢å•æ˜Žç»†è¡¨';
/*!40101 SET character_set_client = @saved_cs_client */;

--
-- Dumping data for table `mall_order_item`
--

LOCK TABLES `mall_order_item` WRITE;
/*!40000 ALTER TABLE `mall_order_item` DISABLE KEYS */;
/*!40000 ALTER TABLE `mall_order_item` ENABLE KEYS */;
UNLOCK TABLES;

--
-- Table structure for table `mall_product`
--

DROP TABLE IF EXISTS `mall_product`;
/*!40101 SET @saved_cs_client     = @@character_set_client */;
/*!50503 SET character_set_client = utf8mb4 */;
CREATE TABLE `mall_product` (
  `id` bigint NOT NULL AUTO_INCREMENT,
  `product_name` varchar(100) NOT NULL,
  `category` varchar(30) NOT NULL COMMENT 'MAINTENANCE_PACKAGE/ACCESSORY/CHEMICAL/OTHER',
  `image_url` varchar(500) DEFAULT '',
  `original_price` decimal(10,2) DEFAULT '0.00',
  `sale_price` decimal(10,2) DEFAULT '0.00',
  `stock` int DEFAULT '0',
  `sales` int DEFAULT '0' COMMENT 'é”€é‡',
  `description` text,
  `detail_images` text COMMENT 'è¯¦æƒ…å›¾JSONæ•°ç»„',
  `status` varchar(20) DEFAULT 'ON_SALE' COMMENT 'ON_SALE/OFF_SALE',
  `sort_order` int DEFAULT '0',
  `created_at` datetime DEFAULT CURRENT_TIMESTAMP,
  `updated_at` datetime DEFAULT CURRENT_TIMESTAMP ON UPDATE CURRENT_TIMESTAMP,
  PRIMARY KEY (`id`)
) ENGINE=InnoDB AUTO_INCREMENT=37 DEFAULT CHARSET=utf8mb4 COLLATE=utf8mb4_0900_ai_ci COMMENT='å•†åŸŽå•†å“è¡¨';
/*!40101 SET character_set_client = @saved_cs_client */;

--
-- Dumping data for table `mall_product`
--

LOCK TABLES `mall_product` WRITE;
/*!40000 ALTER TABLE `mall_product` DISABLE KEYS */;
INSERT INTO `mall_product` VALUES (33,'全合成保养套餐','MAINTENANCE_PACKAGE','',0.00,498.00,50,0,NULL,NULL,'ON_SALE',0,'2026-06-04 06:07:47','2026-06-04 06:07:47'),(34,'高清行车记录仪','ACCESSORY','',0.00,499.00,50,0,NULL,NULL,'ON_SALE',0,'2026-06-04 06:07:47','2026-06-04 06:07:47'),(35,'3D全包围脚垫','ACCESSORY','',0.00,680.00,50,0,NULL,NULL,'ON_SALE',0,'2026-06-04 06:07:47','2026-06-04 06:07:47'),(36,'车载空气净化器','ACCESSORY','',0.00,299.00,50,0,NULL,NULL,'ON_SALE',0,'2026-06-04 06:07:47','2026-06-04 06:07:47');
/*!40000 ALTER TABLE `mall_product` ENABLE KEYS */;
UNLOCK TABLES;

--
-- Table structure for table `mkt_campaign`
--

DROP TABLE IF EXISTS `mkt_campaign`;
/*!40101 SET @saved_cs_client     = @@character_set_client */;
/*!50503 SET character_set_client = utf8mb4 */;
CREATE TABLE `mkt_campaign` (
  `id` bigint NOT NULL AUTO_INCREMENT,
  `campaign_name` varchar(100) NOT NULL,
  `campaign_type` varchar(30) DEFAULT '' COMMENT 'AUTO_SHOW/STORE_EVENT/GROUP_BUY/OTHER',
  `budget` decimal(12,2) DEFAULT '0.00',
  `actual_cost` decimal(12,2) DEFAULT '0.00',
  `start_date` date DEFAULT NULL,
  `end_date` date DEFAULT NULL,
  `expected_leads` int DEFAULT '0' COMMENT 'é¢„æœŸèŽ·å®¢æ•°',
  `actual_leads` int DEFAULT '0' COMMENT 'å®žé™…èŽ·å®¢æ•°',
  `status` varchar(20) DEFAULT 'PLANNING' COMMENT 'PLANNING/IN_PROGRESS/COMPLETED/CANCELLED',
  `description` text,
  `responsible_id` bigint DEFAULT NULL,
  `is_deleted` tinyint DEFAULT '0',
  `created_by` bigint DEFAULT NULL,
  `created_at` datetime DEFAULT CURRENT_TIMESTAMP,
  `updated_at` datetime DEFAULT CURRENT_TIMESTAMP ON UPDATE CURRENT_TIMESTAMP,
  PRIMARY KEY (`id`)
) ENGINE=InnoDB AUTO_INCREMENT=25 DEFAULT CHARSET=utf8mb4 COLLATE=utf8mb4_0900_ai_ci COMMENT='å¸‚åœºæ´»åŠ¨è¡¨';
/*!40101 SET character_set_client = @saved_cs_client */;

--
-- Dumping data for table `mkt_campaign`
--

LOCK TABLES `mkt_campaign` WRITE;
/*!40000 ALTER TABLE `mkt_campaign` DISABLE KEYS */;
INSERT INTO `mkt_campaign` VALUES (22,'五一车展','AUTO_SHOW',50000.00,0.00,NULL,NULL,0,0,'IN_PROGRESS',NULL,NULL,0,NULL,'2026-06-04 06:07:47','2026-06-04 06:07:47'),(23,'618团购会','GROUP_BUY',50000.00,0.00,NULL,NULL,0,0,'IN_PROGRESS',NULL,NULL,0,NULL,'2026-06-04 06:07:47','2026-06-04 06:07:47'),(24,'周末试驾日','STORE_EVENT',50000.00,0.00,NULL,NULL,0,0,'PLANNING',NULL,NULL,0,NULL,'2026-06-04 06:07:47','2026-06-04 06:07:47');
/*!40000 ALTER TABLE `mkt_campaign` ENABLE KEYS */;
UNLOCK TABLES;

--
-- Table structure for table `mkt_coupon`
--

DROP TABLE IF EXISTS `mkt_coupon`;
/*!40101 SET @saved_cs_client     = @@character_set_client */;
/*!50503 SET character_set_client = utf8mb4 */;
CREATE TABLE `mkt_coupon` (
  `id` bigint NOT NULL AUTO_INCREMENT,
  `coupon_name` varchar(100) NOT NULL,
  `coupon_type` varchar(30) NOT NULL COMMENT 'MAINTENANCE/LABOR/DISCOUNT/OTHER',
  `face_value` decimal(10,2) DEFAULT '0.00' COMMENT 'é¢å€¼',
  `threshold_amount` decimal(10,2) DEFAULT '0.00' COMMENT 'æ»¡å‡é—¨æ§›',
  `total_quantity` int DEFAULT '0' COMMENT 'å‘è¡Œæ€»æ•°',
  `issued_quantity` int DEFAULT '0',
  `used_quantity` int DEFAULT '0',
  `valid_from` date DEFAULT NULL,
  `valid_to` date DEFAULT NULL,
  `status` varchar(20) DEFAULT 'ACTIVE' COMMENT 'ACTIVE/PAUSED/EXPIRED',
  `is_deleted` tinyint DEFAULT '0',
  `created_by` bigint DEFAULT NULL,
  `created_at` datetime DEFAULT CURRENT_TIMESTAMP,
  `updated_at` datetime DEFAULT CURRENT_TIMESTAMP ON UPDATE CURRENT_TIMESTAMP,
  PRIMARY KEY (`id`)
) ENGINE=InnoDB AUTO_INCREMENT=25 DEFAULT CHARSET=utf8mb4 COLLATE=utf8mb4_0900_ai_ci COMMENT='ä¼˜æƒ åˆ¸è¡¨';
/*!40101 SET character_set_client = @saved_cs_client */;

--
-- Dumping data for table `mkt_coupon`
--

LOCK TABLES `mkt_coupon` WRITE;
/*!40000 ALTER TABLE `mkt_coupon` DISABLE KEYS */;
INSERT INTO `mkt_coupon` VALUES (22,'保养现金券','MAINTENANCE',200.00,0.00,20,5,0,'2026-06-04','2026-09-04','ACTIVE',0,NULL,'2026-06-04 06:07:47','2026-06-04 06:07:47'),(23,'工时抵扣券','LABOR',100.00,0.00,20,5,0,'2026-06-04','2026-09-04','ACTIVE',0,NULL,'2026-06-04 06:07:47','2026-06-04 06:07:47'),(24,'新车礼包券','DISCOUNT',500.00,0.00,20,5,0,'2026-06-04','2026-09-04','ACTIVE',0,NULL,'2026-06-04 06:07:47','2026-06-04 06:07:47');
/*!40000 ALTER TABLE `mkt_coupon` ENABLE KEYS */;
UNLOCK TABLES;

--
-- Table structure for table `mkt_coupon_issue`
--

DROP TABLE IF EXISTS `mkt_coupon_issue`;
/*!40101 SET @saved_cs_client     = @@character_set_client */;
/*!50503 SET character_set_client = utf8mb4 */;
CREATE TABLE `mkt_coupon_issue` (
  `id` bigint NOT NULL AUTO_INCREMENT,
  `coupon_id` bigint NOT NULL,
  `coupon_code` varchar(30) NOT NULL,
  `customer_id` bigint DEFAULT NULL,
  `issued_to` varchar(50) DEFAULT '',
  `status` varchar(20) DEFAULT 'UNUSED' COMMENT 'UNUSED/USED/EXPIRED',
  `used_at` datetime DEFAULT NULL,
  `work_order_id` bigint DEFAULT NULL COMMENT 'æ ¸é”€å…³è”å·¥å•',
  `order_id` bigint DEFAULT NULL COMMENT 'æ ¸é”€å…³è”è®¢å•',
  `issued_at` datetime DEFAULT CURRENT_TIMESTAMP,
  PRIMARY KEY (`id`),
  UNIQUE KEY `coupon_code` (`coupon_code`),
  KEY `idx_coupon_id` (`coupon_id`),
  KEY `idx_customer_id` (`customer_id`),
  KEY `idx_coupon_code` (`coupon_code`)
) ENGINE=InnoDB DEFAULT CHARSET=utf8mb4 COLLATE=utf8mb4_0900_ai_ci COMMENT='å¡åˆ¸å‘æ”¾æ ¸é”€è¡¨';
/*!40101 SET character_set_client = @saved_cs_client */;

--
-- Dumping data for table `mkt_coupon_issue`
--

LOCK TABLES `mkt_coupon_issue` WRITE;
/*!40000 ALTER TABLE `mkt_coupon_issue` DISABLE KEYS */;
/*!40000 ALTER TABLE `mkt_coupon_issue` ENABLE KEYS */;
UNLOCK TABLES;

--
-- Table structure for table `mkt_lead_channel`
--

DROP TABLE IF EXISTS `mkt_lead_channel`;
/*!40101 SET @saved_cs_client     = @@character_set_client */;
/*!50503 SET character_set_client = utf8mb4 */;
CREATE TABLE `mkt_lead_channel` (
  `id` bigint NOT NULL AUTO_INCREMENT,
  `channel_name` varchar(50) NOT NULL COMMENT 'æŠ–éŸ³/æ‡‚è½¦å¸/å¿«æ‰‹/ç™¾åº¦ç­‰',
  `channel_code` varchar(30) NOT NULL,
  `lead_count` int DEFAULT '0' COMMENT 'çº¿ç´¢æ€»æ•°',
  `converted_count` int DEFAULT '0' COMMENT 'æˆäº¤æ•°',
  `total_cost` decimal(12,2) DEFAULT '0.00' COMMENT 'æ€»è´¹ç”¨',
  `per_lead_cost` decimal(10,2) DEFAULT '0.00' COMMENT 'å•çº¿ç´¢æˆæœ¬',
  `roi` decimal(5,2) DEFAULT '0.00' COMMENT 'æŠ•èµ„å›žæŠ¥çŽ‡',
  `status` tinyint DEFAULT '1',
  `is_deleted` tinyint DEFAULT '0',
  `created_at` datetime DEFAULT CURRENT_TIMESTAMP,
  `updated_at` datetime DEFAULT CURRENT_TIMESTAMP ON UPDATE CURRENT_TIMESTAMP,
  PRIMARY KEY (`id`),
  UNIQUE KEY `channel_code` (`channel_code`)
) ENGINE=InnoDB DEFAULT CHARSET=utf8mb4 COLLATE=utf8mb4_0900_ai_ci COMMENT='æ–°åª’ä½“çº¿ç´¢æ¸ é“è¡¨';
/*!40101 SET character_set_client = @saved_cs_client */;

--
-- Dumping data for table `mkt_lead_channel`
--

LOCK TABLES `mkt_lead_channel` WRITE;
/*!40000 ALTER TABLE `mkt_lead_channel` DISABLE KEYS */;
/*!40000 ALTER TABLE `mkt_lead_channel` ENABLE KEYS */;
UNLOCK TABLES;

--
-- Table structure for table `news`
--

DROP TABLE IF EXISTS `news`;
/*!40101 SET @saved_cs_client     = @@character_set_client */;
/*!50503 SET character_set_client = utf8mb4 */;
CREATE TABLE `news` (
  `id` bigint NOT NULL AUTO_INCREMENT,
  `title` varchar(200) NOT NULL,
  `content` text NOT NULL,
  `publisher_id` bigint NOT NULL,
  `status` varchar(20) NOT NULL DEFAULT 'PUBLISHED',
  `created_at` datetime DEFAULT CURRENT_TIMESTAMP,
  PRIMARY KEY (`id`),
  KEY `publisher_id` (`publisher_id`),
  CONSTRAINT `news_ibfk_1` FOREIGN KEY (`publisher_id`) REFERENCES `users` (`id`)
) ENGINE=InnoDB DEFAULT CHARSET=utf8mb4 COLLATE=utf8mb4_0900_ai_ci;
/*!40101 SET character_set_client = @saved_cs_client */;

--
-- Dumping data for table `news`
--

LOCK TABLES `news` WRITE;
/*!40000 ALTER TABLE `news` DISABLE KEYS */;
/*!40000 ALTER TABLE `news` ENABLE KEYS */;
UNLOCK TABLES;

--
-- Table structure for table `rescue_order`
--

DROP TABLE IF EXISTS `rescue_order`;
/*!40101 SET @saved_cs_client     = @@character_set_client */;
/*!50503 SET character_set_client = utf8mb4 */;
CREATE TABLE `rescue_order` (
  `id` bigint NOT NULL AUTO_INCREMENT,
  `rescue_no` varchar(30) NOT NULL,
  `customer_id` bigint NOT NULL,
  `vehicle_id` bigint DEFAULT NULL COMMENT 'å…³è” customer_vehicle.id',
  `contact_name` varchar(50) DEFAULT '',
  `contact_phone` varchar(20) NOT NULL,
  `latitude` decimal(10,7) DEFAULT '0.0000000' COMMENT 'çº¬åº¦',
  `longitude` decimal(10,7) DEFAULT '0.0000000' COMMENT 'ç»åº¦',
  `address` varchar(200) DEFAULT '',
  `rescue_type` varchar(30) DEFAULT 'ROADSIDE' COMMENT 'ROADSIDE/TOWING/FLAT_TIRE/DEAD_BATTERY/OTHER',
  `description` varchar(500) DEFAULT '',
  `status` varchar(20) DEFAULT 'PENDING' COMMENT 'PENDING/DISPATCHED/ARRIVED/RESCUING/COMPLETED/CANCELLED',
  `dispatcher_id` bigint DEFAULT NULL COMMENT 'æ´¾å•å‘˜',
  `rescue_company` varchar(100) DEFAULT '',
  `arrived_at` datetime DEFAULT NULL,
  `completed_at` datetime DEFAULT NULL,
  `created_at` datetime DEFAULT CURRENT_TIMESTAMP,
  `updated_at` datetime DEFAULT CURRENT_TIMESTAMP ON UPDATE CURRENT_TIMESTAMP,
  PRIMARY KEY (`id`),
  UNIQUE KEY `rescue_no` (`rescue_no`),
  KEY `idx_customer` (`customer_id`),
  KEY `idx_status` (`status`)
) ENGINE=InnoDB DEFAULT CHARSET=utf8mb4 COLLATE=utf8mb4_0900_ai_ci COMMENT='é“è·¯æ•‘æ´å·¥å•è¡¨';
/*!40101 SET character_set_client = @saved_cs_client */;

--
-- Dumping data for table `rescue_order`
--

LOCK TABLES `rescue_order` WRITE;
/*!40000 ALTER TABLE `rescue_order` DISABLE KEYS */;
/*!40000 ALTER TABLE `rescue_order` ENABLE KEYS */;
UNLOCK TABLES;

--
-- Table structure for table `rpt_summary`
--

DROP TABLE IF EXISTS `rpt_summary`;
/*!40101 SET @saved_cs_client     = @@character_set_client */;
/*!50503 SET character_set_client = utf8mb4 */;
CREATE TABLE `rpt_summary` (
  `id` bigint NOT NULL AUTO_INCREMENT,
  `report_date` date NOT NULL,
  `report_type` varchar(30) NOT NULL COMMENT 'DAILY_SALES/DAILY_SERVICE/DAILY_FINANCE',
  `metric_key` varchar(50) NOT NULL COMMENT 'æŒ‡æ ‡é”®',
  `metric_value` decimal(14,2) DEFAULT '0.00' COMMENT 'æŒ‡æ ‡å€¼',
  `metric_json` text COMMENT 'JSONè¡¥å……æ•°æ®',
  `created_at` datetime DEFAULT CURRENT_TIMESTAMP,
  PRIMARY KEY (`id`),
  UNIQUE KEY `uk_date_type_key` (`report_date`,`report_type`,`metric_key`)
) ENGINE=InnoDB DEFAULT CHARSET=utf8mb4 COLLATE=utf8mb4_0900_ai_ci COMMENT='æŠ¥è¡¨æ±‡æ€»è¡¨';
/*!40101 SET character_set_client = @saved_cs_client */;

--
-- Dumping data for table `rpt_summary`
--

LOCK TABLES `rpt_summary` WRITE;
/*!40000 ALTER TABLE `rpt_summary` DISABLE KEYS */;
/*!40000 ALTER TABLE `rpt_summary` ENABLE KEYS */;
UNLOCK TABLES;

--
-- Table structure for table `sale_contract`
--

DROP TABLE IF EXISTS `sale_contract`;
/*!40101 SET @saved_cs_client     = @@character_set_client */;
/*!50503 SET character_set_client = utf8mb4 */;
CREATE TABLE `sale_contract` (
  `id` bigint NOT NULL AUTO_INCREMENT,
  `contract_no` varchar(30) NOT NULL,
  `order_id` bigint NOT NULL,
  `contract_content` text NOT NULL COMMENT 'åˆåŒHTMLå†…å®¹',
  `signed_status` varchar(20) DEFAULT 'UNSIGNED' COMMENT 'UNSIGNED/SIGNED',
  `signed_at` datetime DEFAULT NULL,
  `file_path` varchar(500) DEFAULT '' COMMENT 'åˆåŒæ–‡ä»¶è·¯å¾„',
  `is_deleted` tinyint DEFAULT '0',
  `created_by` bigint DEFAULT NULL,
  `created_at` datetime DEFAULT CURRENT_TIMESTAMP,
  `updated_at` datetime DEFAULT CURRENT_TIMESTAMP ON UPDATE CURRENT_TIMESTAMP,
  PRIMARY KEY (`id`),
  UNIQUE KEY `contract_no` (`contract_no`),
  KEY `idx_order_id` (`order_id`)
) ENGINE=InnoDB DEFAULT CHARSET=utf8mb4 COLLATE=utf8mb4_0900_ai_ci COMMENT='é”€å”®åˆåŒè¡¨';
/*!40101 SET character_set_client = @saved_cs_client */;

--
-- Dumping data for table `sale_contract`
--

LOCK TABLES `sale_contract` WRITE;
/*!40000 ALTER TABLE `sale_contract` DISABLE KEYS */;
/*!40000 ALTER TABLE `sale_contract` ENABLE KEYS */;
UNLOCK TABLES;

--
-- Table structure for table `sale_delivery`
--

DROP TABLE IF EXISTS `sale_delivery`;
/*!40101 SET @saved_cs_client     = @@character_set_client */;
/*!50503 SET character_set_client = utf8mb4 */;
CREATE TABLE `sale_delivery` (
  `id` bigint NOT NULL AUTO_INCREMENT,
  `order_id` bigint NOT NULL,
  `stock_vehicle_id` bigint DEFAULT NULL,
  `pdi_status` varchar(20) DEFAULT 'PENDING' COMMENT 'PENDING/PASSED/FAILED',
  `pdi_checker_id` bigint DEFAULT NULL,
  `pdi_time` datetime DEFAULT NULL,
  `wash_status` varchar(20) DEFAULT 'PENDING',
  `document_prepared` tinyint DEFAULT '0' COMMENT 'èµ„æ–™å‡†å¤‡å®Œæˆ',
  `ceremony_time` datetime DEFAULT NULL,
  `customer_interview_result` varchar(50) DEFAULT '',
  `delivery_status` varchar(20) DEFAULT 'IN_PROGRESS' COMMENT 'IN_PROGRESS/COMPLETED',
  `delivered_at` datetime DEFAULT NULL,
  `is_deleted` tinyint DEFAULT '0',
  `created_by` bigint DEFAULT NULL,
  `created_at` datetime DEFAULT CURRENT_TIMESTAMP,
  `updated_at` datetime DEFAULT CURRENT_TIMESTAMP ON UPDATE CURRENT_TIMESTAMP,
  PRIMARY KEY (`id`),
  UNIQUE KEY `order_id` (`order_id`),
  KEY `idx_order_id` (`order_id`)
) ENGINE=InnoDB DEFAULT CHARSET=utf8mb4 COLLATE=utf8mb4_0900_ai_ci COMMENT='è½¦è¾†äº¤ä»˜PDIè¡¨';
/*!40101 SET character_set_client = @saved_cs_client */;

--
-- Dumping data for table `sale_delivery`
--

LOCK TABLES `sale_delivery` WRITE;
/*!40000 ALTER TABLE `sale_delivery` DISABLE KEYS */;
/*!40000 ALTER TABLE `sale_delivery` ENABLE KEYS */;
UNLOCK TABLES;

--
-- Table structure for table `sale_derivative`
--

DROP TABLE IF EXISTS `sale_derivative`;
/*!40101 SET @saved_cs_client     = @@character_set_client */;
/*!50503 SET character_set_client = utf8mb4 */;
CREATE TABLE `sale_derivative` (
  `id` bigint NOT NULL AUTO_INCREMENT,
  `order_id` bigint NOT NULL,
  `biz_type` varchar(20) NOT NULL COMMENT 'INSURANCE/FINANCE/TRADE_IN/EXTENDED_WARRANTY',
  `provider` varchar(100) DEFAULT '' COMMENT 'ä¿é™©å…¬å¸/é“¶è¡Œç­‰',
  `product_name` varchar(100) DEFAULT '',
  `amount` decimal(12,2) DEFAULT '0.00',
  `detail` text COMMENT 'JSONæ ¼å¼è¯¦ç»†å†…å®¹',
  `status` varchar(20) DEFAULT 'PENDING',
  `created_at` datetime DEFAULT CURRENT_TIMESTAMP,
  `updated_at` datetime DEFAULT CURRENT_TIMESTAMP ON UPDATE CURRENT_TIMESTAMP,
  PRIMARY KEY (`id`),
  KEY `idx_order_id` (`order_id`)
) ENGINE=InnoDB DEFAULT CHARSET=utf8mb4 COLLATE=utf8mb4_0900_ai_ci COMMENT='è¡ç”Ÿä¸šåŠ¡è¡¨';
/*!40101 SET character_set_client = @saved_cs_client */;

--
-- Dumping data for table `sale_derivative`
--

LOCK TABLES `sale_derivative` WRITE;
/*!40000 ALTER TABLE `sale_derivative` DISABLE KEYS */;
/*!40000 ALTER TABLE `sale_derivative` ENABLE KEYS */;
UNLOCK TABLES;

--
-- Table structure for table `sale_opportunity`
--

DROP TABLE IF EXISTS `sale_opportunity`;
/*!40101 SET @saved_cs_client     = @@character_set_client */;
/*!50503 SET character_set_client = utf8mb4 */;
CREATE TABLE `sale_opportunity` (
  `id` bigint NOT NULL AUTO_INCREMENT,
  `customer_id` bigint NOT NULL,
  `lead_id` bigint DEFAULT NULL,
  `vehicle_model_id` bigint DEFAULT NULL COMMENT 'æ„å‘è½¦åž‹ID',
  `intent_color` varchar(30) DEFAULT '',
  `intent_config` varchar(200) DEFAULT '',
  `payment_method` varchar(20) DEFAULT '' COMMENT 'FULL/LOAN',
  `status` varchar(20) DEFAULT 'FOLLOWING' COMMENT 'FOLLOWING/QUOTED/ORDERED/LOST',
  `expected_close_date` date DEFAULT NULL,
  `assignee_id` bigint DEFAULT NULL,
  `remark` varchar(500) DEFAULT '',
  `is_deleted` tinyint DEFAULT '0',
  `created_by` bigint DEFAULT NULL,
  `created_at` datetime DEFAULT CURRENT_TIMESTAMP,
  `updated_at` datetime DEFAULT CURRENT_TIMESTAMP ON UPDATE CURRENT_TIMESTAMP,
  PRIMARY KEY (`id`),
  KEY `idx_customer_id` (`customer_id`),
  KEY `idx_assignee` (`assignee_id`),
  KEY `idx_status` (`status`)
) ENGINE=InnoDB AUTO_INCREMENT=6 DEFAULT CHARSET=utf8mb4 COLLATE=utf8mb4_0900_ai_ci COMMENT='é”€å”®æœºä¼š/æ„å‘å•è¡¨';
/*!40101 SET character_set_client = @saved_cs_client */;

--
-- Dumping data for table `sale_opportunity`
--

LOCK TABLES `sale_opportunity` WRITE;
/*!40000 ALTER TABLE `sale_opportunity` DISABLE KEYS */;
/*!40000 ALTER TABLE `sale_opportunity` ENABLE KEYS */;
UNLOCK TABLES;

--
-- Table structure for table `sale_order`
--

DROP TABLE IF EXISTS `sale_order`;
/*!40101 SET @saved_cs_client     = @@character_set_client */;
/*!50503 SET character_set_client = utf8mb4 */;
CREATE TABLE `sale_order` (
  `id` bigint NOT NULL AUTO_INCREMENT,
  `order_no` varchar(30) NOT NULL,
  `customer_id` bigint DEFAULT NULL,
  `opportunity_id` bigint DEFAULT NULL,
  `vehicle_model_id` bigint DEFAULT NULL COMMENT 'è½¦åž‹ID',
  `stock_vehicle_id` bigint DEFAULT NULL COMMENT 'é…è½¦VIN ID',
  `guide_price` decimal(12,2) DEFAULT '0.00' COMMENT 'æŒ‡å¯¼ä»·',
  `discount` decimal(12,2) DEFAULT '0.00' COMMENT 'ä¼˜æƒ é‡‘é¢',
  `purchase_tax` decimal(12,2) DEFAULT '0.00' COMMENT 'è´­ç½®ç¨Ž',
  `insurance_amount` decimal(12,2) DEFAULT '0.00' COMMENT 'ä¿é™©è´¹',
  `license_fee` decimal(12,2) DEFAULT '0.00' COMMENT 'ä¸Šç‰Œè´¹',
  `accessory_amount` decimal(12,2) DEFAULT '0.00' COMMENT 'ç²¾å“åŠ è£…è´¹',
  `total_price` decimal(12,2) DEFAULT '0.00' COMMENT 'åŒ…ç‰Œæ€»ä»·',
  `deposit` decimal(12,2) DEFAULT '0.00' COMMENT 'å®šé‡‘',
  `payment_method` varchar(20) DEFAULT '' COMMENT 'FULL/LOAN',
  `status` varchar(20) DEFAULT 'PENDING_APPROVAL' COMMENT 'PENDING_APPROVAL/PENDING_DEPOSIT/PENDING_ALLOCATION/PENDING_DELIVERY/COMPLETED/CANCELLED',
  `assignee_id` bigint DEFAULT NULL,
  `signing_date` date DEFAULT NULL COMMENT 'ç­¾çº¦æ—¥æœŸ',
  `expected_delivery_date` date DEFAULT NULL COMMENT 'é¢„è®¡äº¤è½¦æ—¥æœŸ',
  `remark` varchar(500) DEFAULT '',
  `is_deleted` tinyint DEFAULT '0',
  `created_by` bigint DEFAULT NULL,
  `created_at` datetime DEFAULT CURRENT_TIMESTAMP,
  `updated_at` datetime DEFAULT CURRENT_TIMESTAMP ON UPDATE CURRENT_TIMESTAMP,
  PRIMARY KEY (`id`),
  UNIQUE KEY `order_no` (`order_no`),
  KEY `idx_order_no` (`order_no`),
  KEY `idx_customer_id` (`customer_id`),
  KEY `idx_assignee` (`assignee_id`),
  KEY `idx_status` (`status`)
) ENGINE=InnoDB AUTO_INCREMENT=41 DEFAULT CHARSET=utf8mb4 COLLATE=utf8mb4_0900_ai_ci COMMENT='é”€å”®è®¢å•è¡¨';
/*!40101 SET character_set_client = @saved_cs_client */;

--
-- Dumping data for table `sale_order`
--

LOCK TABLES `sale_order` WRITE;
/*!40000 ALTER TABLE `sale_order` DISABLE KEYS */;
INSERT INTO `sale_order` VALUES (22,'SO20260501001',1,NULL,NULL,NULL,450000.00,30000.00,0.00,0.00,0.00,0.00,466600.00,0.00,'','COMPLETED',3,NULL,NULL,'',0,NULL,'2026-06-04 06:07:47','2026-06-04 06:07:47'),(23,'SO20260501002',2,NULL,NULL,NULL,360000.00,25000.00,0.00,0.00,0.00,0.00,373680.00,0.00,'','PENDING_DELIVERY',3,NULL,NULL,'',0,NULL,'2026-06-04 06:07:47','2026-06-04 06:07:47'),(24,'SO20260501003',3,NULL,NULL,NULL,380000.00,40000.00,0.00,0.00,0.00,0.00,380440.00,0.00,'','PENDING_DEPOSIT',3,NULL,NULL,'',0,NULL,'2026-06-04 06:07:47','2026-06-04 06:07:47'),(25,'SO1783170017592',77,NULL,NULL,NULL,349900.00,0.00,0.00,0.00,0.00,0.00,349900.00,0.00,'','PENDING_DEPOSIT',NULL,NULL,NULL,'',0,NULL,'2026-07-04 13:00:17','2026-07-04 13:00:17'),(26,'SO1783170070774',77,NULL,NULL,NULL,208900.00,0.00,0.00,0.00,0.00,0.00,208900.00,0.00,'','PENDING_DEPOSIT',NULL,NULL,NULL,'',0,NULL,'2026-07-04 13:01:10','2026-07-04 13:01:10'),(27,'SO1783184129677',77,NULL,NULL,NULL,450000.00,0.00,0.00,0.00,0.00,0.00,450000.00,0.00,'','PENDING_DEPOSIT',NULL,NULL,NULL,'',0,NULL,'2026-07-04 16:55:29','2026-07-04 16:55:29'),(28,'SO1783184269301',77,NULL,NULL,NULL,427900.00,0.00,0.00,0.00,0.00,0.00,427900.00,0.00,'','PENDING_DEPOSIT',NULL,NULL,NULL,'',0,NULL,'2026-07-04 16:57:49','2026-07-04 16:57:49'),(29,'SO1783185232045',77,NULL,NULL,NULL,349900.00,0.00,0.00,0.00,0.00,0.00,349900.00,0.00,'','PENDING_DEPOSIT',NULL,NULL,NULL,'',0,NULL,'2026-07-04 17:13:52','2026-07-04 17:13:52'),(30,'SO1783185486738',77,NULL,NULL,NULL,450000.00,0.00,0.00,0.00,0.00,0.00,450000.00,0.00,'','PENDING_DEPOSIT',NULL,NULL,NULL,'',0,NULL,'2026-07-04 17:18:06','2026-07-04 17:18:06'),(31,'SO1783186290733',77,NULL,NULL,NULL,450000.00,0.00,0.00,0.00,0.00,0.00,450000.00,0.00,'','PENDING_DEPOSIT',NULL,NULL,NULL,'',0,NULL,'2026-07-04 17:31:30','2026-07-04 17:31:30'),(32,'SO1783186498902',77,NULL,NULL,NULL,427900.00,0.00,0.00,0.00,0.00,0.00,427900.00,0.00,'','PENDING_DEPOSIT',NULL,NULL,NULL,'',0,NULL,'2026-07-04 17:34:58','2026-07-04 17:34:58'),(33,'SO1783216130176',77,NULL,NULL,NULL,329900.00,0.00,0.00,0.00,0.00,0.00,329900.00,0.00,'','PENDING_DEPOSIT',NULL,NULL,NULL,'',0,NULL,'2026-07-05 01:48:50','2026-07-05 01:48:50'),(34,'SO1783219254601',77,NULL,NULL,NULL,450000.00,0.00,0.00,0.00,0.00,0.00,450000.00,0.00,'','PENDING_DEPOSIT',NULL,NULL,NULL,'[{\"name\":\"奥迪A6 SEDAN\",\"desc\":\"2026款 · 蓝色\",\"price\":450000,\"qty\":1}]',0,NULL,'2026-07-05 02:40:54','2026-07-05 02:40:54'),(35,'SO1783234478830',13,NULL,NULL,NULL,877900.00,0.00,0.00,0.00,0.00,0.00,877900.00,0.00,'','PENDING_DEPOSIT',NULL,NULL,NULL,'[{\"name\":\"奥迪A6 SEDAN\",\"desc\":\"2026款 · 蓝色\",\"price\":450000,\"qty\":1},{\"name\":\"奥迪 A6L\",\"desc\":\"2024款 · 黑色\",\"price\":427900,\"qty\":1}]',0,NULL,'2026-07-05 14:54:38','2026-07-05 14:54:38'),(36,'SO1783245661907',77,NULL,NULL,NULL,349900.00,0.00,0.00,0.00,0.00,0.00,349900.00,0.00,'','PENDING_DEPOSIT',NULL,NULL,NULL,'[{\"name\":\"宝马 325Li\",\"desc\":\"2024款 · 白色\",\"price\":349900,\"qty\":1}]',0,NULL,'2026-07-05 18:01:01','2026-07-05 18:01:01'),(37,'SO1783258922850',79,NULL,NULL,NULL,427900.00,0.00,0.00,0.00,0.00,0.00,427900.00,0.00,'','PENDING_DEPOSIT',NULL,NULL,NULL,'[{\"name\":\"奥迪 A6L\",\"desc\":\"2024款 · 黑色\",\"price\":427900,\"qty\":1}]',0,NULL,'2026-07-05 21:42:02','2026-07-05 21:42:02'),(38,'SO1783259382534',78,NULL,NULL,NULL,450000.00,0.00,0.00,0.00,0.00,0.00,450000.00,0.00,'','PENDING_DEPOSIT',NULL,NULL,NULL,'[{\"name\":\"奥迪A6 SEDAN\",\"desc\":\"2026款 · 蓝色\",\"price\":450000,\"qty\":1}]',0,NULL,'2026-07-05 21:49:42','2026-07-05 21:49:42'),(39,'SO1783259397995',78,NULL,NULL,NULL,219800.00,0.00,0.00,0.00,0.00,0.00,219800.00,0.00,'','PENDING_DEPOSIT',NULL,NULL,NULL,'[{\"name\":\"比亚迪 汉EV\",\"desc\":\"2024款 · 红色\",\"price\":219800,\"qty\":1}]',0,NULL,'2026-07-05 21:49:58','2026-07-05 21:49:58'),(40,'SO1783259826289',77,NULL,NULL,NULL,169900.00,0.00,0.00,0.00,0.00,0.00,169900.00,0.00,'','PENDING_DEPOSIT',NULL,NULL,NULL,'[{\"name\":\"长安 深蓝SL03\",\"desc\":\"2024款 · 青色\",\"price\":169900,\"qty\":1}]',0,NULL,'2026-07-05 21:57:06','2026-07-05 21:57:06');
/*!40000 ALTER TABLE `sale_order` ENABLE KEYS */;
UNLOCK TABLES;

--
-- Table structure for table `sale_order_approval`
--

DROP TABLE IF EXISTS `sale_order_approval`;
/*!40101 SET @saved_cs_client     = @@character_set_client */;
/*!50503 SET character_set_client = utf8mb4 */;
CREATE TABLE `sale_order_approval` (
  `id` bigint NOT NULL AUTO_INCREMENT,
  `order_id` bigint NOT NULL,
  `approval_level` varchar(30) NOT NULL COMMENT 'MANAGER/DIRECTOR/REGIONAL',
  `approver_id` bigint NOT NULL,
  `status` varchar(20) DEFAULT 'PENDING' COMMENT 'PENDING/APPROVED/REJECTED',
  `comment` varchar(200) DEFAULT '',
  `approved_at` datetime DEFAULT NULL,
  `created_at` datetime DEFAULT CURRENT_TIMESTAMP,
  PRIMARY KEY (`id`),
  KEY `idx_order_id` (`order_id`)
) ENGINE=InnoDB DEFAULT CHARSET=utf8mb4 COLLATE=utf8mb4_0900_ai_ci COMMENT='ä»·æ ¼å®¡æ‰¹è¡¨';
/*!40101 SET character_set_client = @saved_cs_client */;

--
-- Dumping data for table `sale_order_approval`
--

LOCK TABLES `sale_order_approval` WRITE;
/*!40000 ALTER TABLE `sale_order_approval` DISABLE KEYS */;
/*!40000 ALTER TABLE `sale_order_approval` ENABLE KEYS */;
UNLOCK TABLES;

--
-- Table structure for table `stock_accessory`
--

DROP TABLE IF EXISTS `stock_accessory`;
/*!40101 SET @saved_cs_client     = @@character_set_client */;
/*!50503 SET character_set_client = utf8mb4 */;
CREATE TABLE `stock_accessory` (
  `id` bigint NOT NULL AUTO_INCREMENT,
  `accessory_code` varchar(30) NOT NULL,
  `accessory_name` varchar(100) NOT NULL,
  `category` varchar(30) DEFAULT '' COMMENT 'è„šåž«/è´´è†œ/å¯¼èˆª/å…¶ä»–',
  `unit` varchar(10) DEFAULT 'å¥—',
  `price` decimal(10,2) DEFAULT '0.00',
  `quantity` int DEFAULT '0',
  `alert_quantity` int DEFAULT '5' COMMENT 'åº“å­˜é¢„è­¦æ•°é‡',
  `status` tinyint DEFAULT '1',
  `is_deleted` tinyint DEFAULT '0',
  `created_at` datetime DEFAULT CURRENT_TIMESTAMP,
  `updated_at` datetime DEFAULT CURRENT_TIMESTAMP ON UPDATE CURRENT_TIMESTAMP,
  PRIMARY KEY (`id`),
  UNIQUE KEY `accessory_code` (`accessory_code`)
) ENGINE=InnoDB AUTO_INCREMENT=7 DEFAULT CHARSET=utf8mb4 COLLATE=utf8mb4_0900_ai_ci COMMENT='ç²¾å“é…ä»¶åº“å­˜è¡¨';
/*!40101 SET character_set_client = @saved_cs_client */;

--
-- Dumping data for table `stock_accessory`
--

LOCK TABLES `stock_accessory` WRITE;
/*!40000 ALTER TABLE `stock_accessory` DISABLE KEYS */;
/*!40000 ALTER TABLE `stock_accessory` ENABLE KEYS */;
UNLOCK TABLES;

--
-- Table structure for table `stock_accessory_inbound`
--

DROP TABLE IF EXISTS `stock_accessory_inbound`;
/*!40101 SET @saved_cs_client     = @@character_set_client */;
/*!50503 SET character_set_client = utf8mb4 */;
CREATE TABLE `stock_accessory_inbound` (
  `id` bigint NOT NULL AUTO_INCREMENT,
  `inbound_no` varchar(30) NOT NULL,
  `accessory_id` bigint NOT NULL,
  `quantity` int NOT NULL,
  `unit_price` decimal(10,2) DEFAULT '0.00',
  `total_price` decimal(12,2) DEFAULT '0.00',
  `supplier` varchar(100) DEFAULT '',
  `inbound_date` date NOT NULL,
  `created_by` bigint DEFAULT NULL,
  `created_at` datetime DEFAULT CURRENT_TIMESTAMP,
  PRIMARY KEY (`id`),
  UNIQUE KEY `inbound_no` (`inbound_no`)
) ENGINE=InnoDB DEFAULT CHARSET=utf8mb4 COLLATE=utf8mb4_0900_ai_ci COMMENT='é…ä»¶å…¥åº“è¡¨';
/*!40101 SET character_set_client = @saved_cs_client */;

--
-- Dumping data for table `stock_accessory_inbound`
--

LOCK TABLES `stock_accessory_inbound` WRITE;
/*!40000 ALTER TABLE `stock_accessory_inbound` DISABLE KEYS */;
/*!40000 ALTER TABLE `stock_accessory_inbound` ENABLE KEYS */;
UNLOCK TABLES;

--
-- Table structure for table `stock_accessory_outbound`
--

DROP TABLE IF EXISTS `stock_accessory_outbound`;
/*!40101 SET @saved_cs_client     = @@character_set_client */;
/*!50503 SET character_set_client = utf8mb4 */;
CREATE TABLE `stock_accessory_outbound` (
  `id` bigint NOT NULL AUTO_INCREMENT,
  `outbound_no` varchar(30) NOT NULL,
  `accessory_id` bigint NOT NULL,
  `order_id` bigint DEFAULT NULL COMMENT 'å…³è”é”€å”®è®¢å•ID',
  `work_order_id` bigint DEFAULT NULL COMMENT 'å…³è”ç»´ä¿®å·¥å•ID',
  `quantity` int NOT NULL,
  `unit_price` decimal(10,2) DEFAULT '0.00',
  `total_price` decimal(12,2) DEFAULT '0.00',
  `outbound_date` date NOT NULL,
  `outbound_type` varchar(20) NOT NULL COMMENT 'SALE/REPAIR/OTHER',
  `created_by` bigint DEFAULT NULL,
  `created_at` datetime DEFAULT CURRENT_TIMESTAMP,
  PRIMARY KEY (`id`),
  UNIQUE KEY `outbound_no` (`outbound_no`)
) ENGINE=InnoDB DEFAULT CHARSET=utf8mb4 COLLATE=utf8mb4_0900_ai_ci COMMENT='é…ä»¶å‡ºåº“è¡¨';
/*!40101 SET character_set_client = @saved_cs_client */;

--
-- Dumping data for table `stock_accessory_outbound`
--

LOCK TABLES `stock_accessory_outbound` WRITE;
/*!40000 ALTER TABLE `stock_accessory_outbound` DISABLE KEYS */;
/*!40000 ALTER TABLE `stock_accessory_outbound` ENABLE KEYS */;
UNLOCK TABLES;

--
-- Table structure for table `stock_check`
--

DROP TABLE IF EXISTS `stock_check`;
/*!40101 SET @saved_cs_client     = @@character_set_client */;
/*!50503 SET character_set_client = utf8mb4 */;
CREATE TABLE `stock_check` (
  `id` bigint NOT NULL AUTO_INCREMENT,
  `check_no` varchar(30) NOT NULL,
  `check_type` varchar(20) NOT NULL COMMENT 'VEHICLE/ACCESSORY',
  `check_date` date NOT NULL,
  `status` varchar(20) DEFAULT 'IN_PROGRESS' COMMENT 'IN_PROGRESS/COMPLETED',
  `profit_loss_summary` text COMMENT 'ç›˜ç›ˆç›˜äºæ±‡æ€» JSON',
  `created_by` bigint DEFAULT NULL,
  `created_at` datetime DEFAULT CURRENT_TIMESTAMP,
  `updated_at` datetime DEFAULT CURRENT_TIMESTAMP ON UPDATE CURRENT_TIMESTAMP,
  PRIMARY KEY (`id`),
  UNIQUE KEY `check_no` (`check_no`)
) ENGINE=InnoDB DEFAULT CHARSET=utf8mb4 COLLATE=utf8mb4_0900_ai_ci COMMENT='ç›˜ç‚¹å•è¡¨';
/*!40101 SET character_set_client = @saved_cs_client */;

--
-- Dumping data for table `stock_check`
--

LOCK TABLES `stock_check` WRITE;
/*!40000 ALTER TABLE `stock_check` DISABLE KEYS */;
/*!40000 ALTER TABLE `stock_check` ENABLE KEYS */;
UNLOCK TABLES;

--
-- Table structure for table `stock_check_detail`
--

DROP TABLE IF EXISTS `stock_check_detail`;
/*!40101 SET @saved_cs_client     = @@character_set_client */;
/*!50503 SET character_set_client = utf8mb4 */;
CREATE TABLE `stock_check_detail` (
  `id` bigint NOT NULL AUTO_INCREMENT,
  `check_id` bigint NOT NULL,
  `item_id` bigint NOT NULL COMMENT 'å¯¹åº” stock_vehicle.id æˆ– stock_accessory.id',
  `item_type` varchar(20) NOT NULL COMMENT 'VEHICLE/ACCESSORY',
  `book_quantity` int DEFAULT '0' COMMENT 'è´¦é¢æ•°é‡',
  `actual_quantity` int DEFAULT '0' COMMENT 'å®žç›˜æ•°é‡',
  `diff_quantity` int DEFAULT '0' COMMENT 'å·®å¼‚',
  `diff_reason` varchar(200) DEFAULT '',
  PRIMARY KEY (`id`),
  KEY `idx_check_id` (`check_id`)
) ENGINE=InnoDB DEFAULT CHARSET=utf8mb4 COLLATE=utf8mb4_0900_ai_ci COMMENT='ç›˜ç‚¹æ˜Žç»†è¡¨';
/*!40101 SET character_set_client = @saved_cs_client */;

--
-- Dumping data for table `stock_check_detail`
--

LOCK TABLES `stock_check_detail` WRITE;
/*!40000 ALTER TABLE `stock_check_detail` DISABLE KEYS */;
/*!40000 ALTER TABLE `stock_check_detail` ENABLE KEYS */;
UNLOCK TABLES;

--
-- Table structure for table `stock_vehicle`
--

DROP TABLE IF EXISTS `stock_vehicle`;
/*!40101 SET @saved_cs_client     = @@character_set_client */;
/*!50503 SET character_set_client = utf8mb4 */;
CREATE TABLE `stock_vehicle` (
  `id` bigint NOT NULL AUTO_INCREMENT,
  `vin` varchar(30) NOT NULL,
  `engine_no` varchar(30) DEFAULT '',
  `brand` varchar(50) NOT NULL,
  `model` varchar(100) NOT NULL,
  `model_year` int NOT NULL,
  `vehicle_type` varchar(30) DEFAULT '',
  `color` varchar(30) DEFAULT '',
  `image_url` text,
  `config_detail` varchar(200) DEFAULT '',
  `production_date` date DEFAULT NULL,
  `guide_price` decimal(12,2) DEFAULT '0.00',
  `cost_price` decimal(12,2) DEFAULT '0.00' COMMENT 'æˆæœ¬ä»·',
  `status` varchar(20) NOT NULL DEFAULT 'IN_TRANSIT' COMMENT 'IN_TRANSIT/IN_STOCK/SHOWROOM/RESERVED/PDI/PENDING_DELIVERY/DELIVERED',
  `location` varchar(50) DEFAULT '' COMMENT 'åº“ä½',
  `inbound_date` date DEFAULT NULL COMMENT 'å…¥åº“æ—¥æœŸ',
  `outbound_date` date DEFAULT NULL COMMENT 'å‡ºåº“æ—¥æœŸ',
  `is_deleted` tinyint DEFAULT '0',
  `created_by` bigint DEFAULT NULL,
  `created_at` datetime DEFAULT CURRENT_TIMESTAMP,
  `updated_at` datetime DEFAULT CURRENT_TIMESTAMP ON UPDATE CURRENT_TIMESTAMP,
  PRIMARY KEY (`id`),
  UNIQUE KEY `vin` (`vin`),
  KEY `idx_vin` (`vin`),
  KEY `idx_status` (`status`),
  KEY `idx_brand_model` (`brand`,`model`),
  KEY `idx_inbound_date` (`inbound_date`)
) ENGINE=InnoDB AUTO_INCREMENT=100 DEFAULT CHARSET=utf8mb4 COLLATE=utf8mb4_0900_ai_ci COMMENT='æ•´è½¦åº“å­˜è¡¨';
/*!40101 SET character_set_client = @saved_cs_client */;

--
-- Dumping data for table `stock_vehicle`
--

LOCK TABLES `stock_vehicle` WRITE;
/*!40000 ALTER TABLE `stock_vehicle` DISABLE KEYS */;
INSERT INTO `stock_vehicle` VALUES (86,'LSVAA4180E2000001','','奥迪','A6L',2024,'SEDAN','黑色','https://p1.ssl.qhimgs1.com/t04aa6a375c6c38432b.jpg','',NULL,427900.00,0.00,'IN_STOCK','','2026-05-30',NULL,0,NULL,'2026-06-04 06:07:47','2026-06-04 06:40:35'),(87,'LBV31FH08R2000002','','宝马','325Li',2024,'SEDAN','白色','https://img0.baidu.com/it/u=4286066875,1241136632&fm=253&app=138&f=JPEG?w=1067&h=800','',NULL,349900.00,0.00,'IN_STOCK','','2026-05-25',NULL,0,NULL,'2026-06-04 06:07:47','2026-06-04 06:40:35'),(88,'LE4ZG8DB6R2000003','','奔驰','C260L',2024,'SEDAN','银色','https://img0.baidu.com/it/u=1015408147,514055606&fm=253&app=138&f=JPEG?w=800&h=1067','',NULL,351800.00,0.00,'SHOWROOM','','2026-05-20',NULL,0,NULL,'2026-06-04 06:07:47','2026-06-04 07:22:02'),(89,'LRW3E7FS8R2000004','','特斯拉','Model Y',2024,'SUV','蓝色','/uploads/vehicles/a8e7a957-ae57-4454-aeeb-b3f6943b3b90.webp','',NULL,263900.00,0.00,'IN_STOCK','','2026-05-15',NULL,0,NULL,'2026-06-04 06:07:47','2026-06-04 06:40:35'),(90,'LC0CE4CB6R2000005','','比亚迪','汉EV',2024,'SEDAN','红色','https://img0.baidu.com/it/u=606166925,1292112881&fm=253&fmt=auto&app=138&f=JPEG?w=889&h=500','',NULL,219800.00,0.00,'IN_STOCK','','2026-05-10',NULL,0,NULL,'2026-06-04 06:07:47','2026-06-04 06:40:35'),(91,'LVGBE40KXR2000006','','丰田','凯美瑞',2024,'SEDAN','白色','/uploads/vehicles/f85f74c9-5ee5-4218-b5f2-5fc3667825ba.jpg','',NULL,199800.00,0.00,'RESERVED','','2026-05-05',NULL,0,NULL,'2026-06-04 06:07:47','2026-06-04 06:40:35'),(92,'LVHRU585XR2000007','','本田','CR-V',2024,'SUV','黑色','https://img1.baidu.com/it/u=2146389404,1007078342&fm=253&fmt=auto&app=120&f=PNG?w=704&h=441','',NULL,208900.00,0.00,'IN_STOCK','','2026-04-30',NULL,0,NULL,'2026-06-04 06:07:47','2026-06-04 06:40:35'),(93,'LSVUD60T8R2000008','','大众','途观L',2024,'SUV','灰色','https://img0.baidu.com/it/u=1955575480,672968043&fm=253&app=138&f=JPEG?w=1067&h=800','',NULL,229800.00,0.00,'SHOWROOM','','2026-04-25',NULL,0,NULL,'2026-06-04 06:07:47','2026-06-04 06:40:35'),(94,'LS6A3E0E9R2000009','','长安','深蓝SL03',2024,'SEDAN','青色','/uploads/vehicles/e0ffe495-78e2-4d3f-9352-e3ba150f613d.jpg','',NULL,169900.00,0.00,'IN_STOCK','','2026-04-20',NULL,0,NULL,'2026-06-04 06:07:47','2026-06-04 06:40:35'),(95,'HLX33B12XR2000010','','理想','L8',2024,'SUV','金色','https://img1.baidu.com/it/u=1291119795,3312781068&fm=253&fmt=auto&app=138&f=JPEG?w=500&h=667','',NULL,359800.00,0.00,'IN_STOCK','','2026-04-15',NULL,0,NULL,'2026-06-04 06:07:47','2026-06-04 06:40:35'),(96,'LYVUE10DXR2000011','','沃尔沃','XC60',2024,'SUV','白色','https://img2.baidu.com/it/u=3220270157,2151439474&fm=253&app=138&f=JPEG?w=1067&h=800','',NULL,396900.00,0.00,'IN_STOCK','','2026-04-10',NULL,0,NULL,'2026-06-04 06:07:47','2026-06-04 07:38:04'),(97,'LSGUD84CXR2000012','','别克','GL8',2024,'MPV','棕色','https://p1.itc.cn/images01/20230624/3eae28d263df42dd90ee5fbb0052b96a.jpeg','',NULL,329900.00,0.00,'IN_STOCK','','2026-04-05',NULL,0,NULL,'2026-06-04 06:07:47','2026-06-04 06:40:35'),(98,'LFV3A24F9P3123456','','奥迪A6','SEDAN',2026,'SEDAN','蓝色','http://114.55.225.32:9000/4s-images/vehicles/images/8d2c05bb-bc21-49fb-800f-08acd65140e9.jpg','',NULL,450000.00,0.00,'IN_STOCK','','2026-07-04',NULL,0,NULL,'2026-07-04 10:21:46','2026-07-04 10:21:46'),(99,'9178','','奶龙牌','奶龙1.0',2021,'SPORTS','黄色','http://114.55.225.32:9000/4s-images/vehicles/images/c150999b-49b5-46ff-a374-14f6d8b0b110.png','',NULL,5000000.00,0.00,'IN_STOCK','','2026-07-05',NULL,0,NULL,'2026-07-05 23:10:07','2026-07-05 23:10:07');
/*!40000 ALTER TABLE `stock_vehicle` ENABLE KEYS */;
UNLOCK TABLES;

--
-- Table structure for table `stock_vehicle_inbound`
--

DROP TABLE IF EXISTS `stock_vehicle_inbound`;
/*!40101 SET @saved_cs_client     = @@character_set_client */;
/*!50503 SET character_set_client = utf8mb4 */;
CREATE TABLE `stock_vehicle_inbound` (
  `id` bigint NOT NULL AUTO_INCREMENT,
  `inbound_no` varchar(30) NOT NULL,
  `stock_vehicle_id` bigint NOT NULL,
  `supplier` varchar(100) DEFAULT '' COMMENT 'åŽ‚å®¶/ä¾›åº”å•†',
  `inbound_date` date NOT NULL,
  `inbound_type` varchar(30) DEFAULT 'PURCHASE' COMMENT 'PURCHASE/RETURN/TRANSFER',
  `remark` varchar(200) DEFAULT '',
  `created_by` bigint DEFAULT NULL,
  `created_at` datetime DEFAULT CURRENT_TIMESTAMP,
  PRIMARY KEY (`id`),
  UNIQUE KEY `inbound_no` (`inbound_no`),
  KEY `idx_stock_vehicle` (`stock_vehicle_id`),
  KEY `idx_inbound_date` (`inbound_date`)
) ENGINE=InnoDB DEFAULT CHARSET=utf8mb4 COLLATE=utf8mb4_0900_ai_ci COMMENT='æ•´è½¦å…¥åº“è®°å½•è¡¨';
/*!40101 SET character_set_client = @saved_cs_client */;

--
-- Dumping data for table `stock_vehicle_inbound`
--

LOCK TABLES `stock_vehicle_inbound` WRITE;
/*!40000 ALTER TABLE `stock_vehicle_inbound` DISABLE KEYS */;
/*!40000 ALTER TABLE `stock_vehicle_inbound` ENABLE KEYS */;
UNLOCK TABLES;

--
-- Table structure for table `stock_vehicle_outbound`
--

DROP TABLE IF EXISTS `stock_vehicle_outbound`;
/*!40101 SET @saved_cs_client     = @@character_set_client */;
/*!50503 SET character_set_client = utf8mb4 */;
CREATE TABLE `stock_vehicle_outbound` (
  `id` bigint NOT NULL AUTO_INCREMENT,
  `outbound_no` varchar(30) NOT NULL,
  `stock_vehicle_id` bigint NOT NULL,
  `order_id` bigint DEFAULT NULL COMMENT 'å…³è”é”€å”®è®¢å•',
  `outbound_date` date NOT NULL,
  `outbound_type` varchar(30) NOT NULL COMMENT 'SALE/TRANSFER/TEST_DRIVE',
  `receiver` varchar(50) DEFAULT '',
  `remark` varchar(200) DEFAULT '',
  `created_by` bigint DEFAULT NULL,
  `created_at` datetime DEFAULT CURRENT_TIMESTAMP,
  PRIMARY KEY (`id`),
  UNIQUE KEY `outbound_no` (`outbound_no`),
  KEY `idx_stock_vehicle` (`stock_vehicle_id`),
  KEY `idx_outbound_date` (`outbound_date`)
) ENGINE=InnoDB DEFAULT CHARSET=utf8mb4 COLLATE=utf8mb4_0900_ai_ci COMMENT='æ•´è½¦å‡ºåº“è®°å½•è¡¨';
/*!40101 SET character_set_client = @saved_cs_client */;

--
-- Dumping data for table `stock_vehicle_outbound`
--

LOCK TABLES `stock_vehicle_outbound` WRITE;
/*!40000 ALTER TABLE `stock_vehicle_outbound` DISABLE KEYS */;
/*!40000 ALTER TABLE `stock_vehicle_outbound` ENABLE KEYS */;
UNLOCK TABLES;

--
-- Table structure for table `svc_appointment`
--

DROP TABLE IF EXISTS `svc_appointment`;
/*!40101 SET @saved_cs_client     = @@character_set_client */;
/*!50503 SET character_set_client = utf8mb4 */;
CREATE TABLE `svc_appointment` (
  `id` bigint NOT NULL AUTO_INCREMENT,
  `customer_id` bigint DEFAULT NULL,
  `customer_name` varchar(50) NOT NULL,
  `phone` varchar(20) NOT NULL,
  `vehicle_info` varchar(100) DEFAULT '' COMMENT 'è½¦åž‹+è½¦ç‰Œ',
  `appointment_time` datetime NOT NULL,
  `service_type` varchar(30) DEFAULT 'MAINTENANCE' COMMENT 'MAINTENANCE/REPAIR/BODY_WORK/OTHER',
  `description` varchar(500) DEFAULT '' COMMENT 'å®¢æˆ·æè¿°é—®é¢˜',
  `status` varchar(20) DEFAULT 'PENDING',
  `service_advisor_id` bigint DEFAULT NULL COMMENT 'æœåŠ¡é¡¾é—®',
  `remark` varchar(200) DEFAULT '',
  `is_deleted` tinyint DEFAULT '0',
  `created_by` bigint DEFAULT NULL,
  `created_at` datetime DEFAULT CURRENT_TIMESTAMP,
  `updated_at` datetime DEFAULT CURRENT_TIMESTAMP ON UPDATE CURRENT_TIMESTAMP,
  PRIMARY KEY (`id`),
  KEY `idx_appointment_time` (`appointment_time`),
  KEY `idx_customer_id` (`customer_id`),
  KEY `idx_advisor` (`service_advisor_id`)
) ENGINE=InnoDB AUTO_INCREMENT=60 DEFAULT CHARSET=utf8mb4 COLLATE=utf8mb4_0900_ai_ci COMMENT='å”®åŽé¢„çº¦è¡¨';
/*!40101 SET character_set_client = @saved_cs_client */;

--
-- Dumping data for table `svc_appointment`
--

LOCK TABLES `svc_appointment` WRITE;
/*!40000 ALTER TABLE `svc_appointment` DISABLE KEYS */;
INSERT INTO `svc_appointment` VALUES (31,1,'客户1','13900000001','车型1','2026-06-06 14:07:47','REPAIR','','ACCEPTED',NULL,'',0,NULL,'2026-06-04 06:07:47','2026-07-05 03:24:28'),(32,2,'客户2','13900000002','车型2','2026-06-07 14:07:47','MAINTENANCE','','ACCEPTED',NULL,'',0,NULL,'2026-06-04 06:07:47','2026-07-05 03:24:27'),(33,3,'客户3','13900000003','车型3','2026-06-08 14:07:47','REPAIR','','ACCEPTED',NULL,'',0,NULL,'2026-06-04 06:07:47','2026-07-05 03:24:21'),(34,4,'客户4','13900000004','车型4','2026-06-09 14:07:47','MAINTENANCE','','ACCEPTED',NULL,'',0,NULL,'2026-06-04 06:07:47','2026-07-05 03:24:18'),(35,77,'李嘉宇','11111111111','奔驰','2026-07-05 05:30:00','TEST_DRIVE','','ACCEPTED',NULL,'',0,NULL,'2026-07-05 13:30:26','2026-07-05 13:32:30'),(36,77,'李嘉宇','11111111111','小摩的','2026-07-06 05:31:00','MAINTENANCE','空调清洗','ACCEPTED',NULL,'',0,NULL,'2026-07-05 13:31:11','2026-07-05 13:32:29'),(37,77,'李嘉宇','11111111111','雅迪','2026-08-05 05:31:00','REPAIR','222','ACCEPTED',NULL,'',0,NULL,'2026-07-05 13:32:00','2026-07-05 13:32:28'),(38,78,'蔡徐坤','22222222222','小刀','2026-10-05 05:34:00','TEST_DRIVE','','ACCEPTED',NULL,'',0,NULL,'2026-07-05 13:35:01','2026-07-05 13:35:46'),(39,78,'蔡徐坤','22222222222','嘻嘻','2026-09-07 05:35:00','MAINTENANCE','空调清洗','ACCEPTED',NULL,'',0,NULL,'2026-07-05 13:35:32','2026-07-05 13:35:45'),(40,NULL,'11111111111','11111111111','奥迪 A6L 2025款','2026-07-12 17:14:00','VALUATION','二手车置换估价后到店评估，预估回收价约7.20万，车牌:京B9178','ACCEPTED',NULL,'',0,NULL,'2026-07-05 17:11:23','2026-07-05 17:11:42'),(41,NULL,'11111111111','11111111111','奥迪 A6L 2025款','2026-08-02 17:14:00','VALUATION','二手车置换估价后到店评估，预估回收价约7.20万，车牌:京B9178','ACCEPTED',NULL,'',0,NULL,'2026-07-05 17:14:23','2026-07-05 17:14:49'),(42,NULL,'zyy','15591789178','特斯拉','2026-07-05 11:15:00','TEST_DRIVE','','ACCEPTED',NULL,'',0,NULL,'2026-07-05 17:15:14','2026-07-05 18:03:41'),(43,77,'李嘉宇','110111011099','安迪A6','2026-07-05 17:38:00','TEST_DRIVE','','ACCEPTED',NULL,'',0,NULL,'2026-07-05 17:38:18','2026-07-05 17:38:59'),(44,NULL,'11111111111','11111111111','aodi aa 2025款','2026-07-06 09:00:00','VALUATION','二手车置换估价后到店评估，预估回收价约7.20万，车牌:京B9178','ACCEPTED',NULL,'',0,NULL,'2026-07-05 18:08:29','2026-07-05 18:08:50'),(45,77,'7878','12345678910','安迪123','2026-07-05 19:09:00','FINANCE','','ACCEPTED',NULL,'',0,NULL,'2026-07-05 18:09:39','2026-07-05 18:13:24'),(46,77,'778','12345678900','安迪','2026-07-05 20:17:00','FINANCE','100万','ACCEPTED',NULL,'',0,NULL,'2026-07-05 18:17:40','2026-07-05 18:17:57'),(47,NULL,'11111111111','11111111111','安迪 78 91款','2026-07-06 09:00:00','VALUATION','二手车置换估价后到店评估，预估回收价约1.00万，车牌:京B9178','ACCEPTED',NULL,'',0,NULL,'2026-07-05 18:18:33','2026-07-05 18:23:18'),(48,NULL,'11111111111','11111111111','安迪 78 91款','2026-07-05 19:18:00','VALUATION','二手车置换估价后到店评估，预估回收价约1.00万，车牌:京B9178','ACCEPTED',NULL,'',0,NULL,'2026-07-05 18:18:39','2026-07-05 18:23:13'),(49,NULL,'11111111111','11111111111','安迪 78 91款','2026-07-05 19:18:00','VALUATION','二手车置换估价后到店评估，预估回收价约1.00万，车牌:京B9178','ACCEPTED',NULL,'',0,NULL,'2026-07-05 18:18:44','2026-07-05 18:23:16'),(50,77,'778','12345678900','安迪','2026-07-05 18:24:00','FINANCE','78万','ACCEPTED',NULL,'',0,NULL,'2026-07-05 18:22:25','2026-07-05 18:23:04'),(51,77,'11111111111','11111111111','安迪 78 91款','2026-07-06 09:00:00','VALUATION','二手车置换估价后到店评估，预估回收价约1.00万，车牌:京B9178','ACCEPTED',NULL,'',0,NULL,'2026-07-05 18:23:33','2026-07-05 18:23:53'),(52,13,'科比布莱恩特','13361651256','小三轮车','2034-01-31 18:26:00','TEST_DRIVE','','ACCEPTED',NULL,'',0,NULL,'2026-07-05 18:27:15','2026-07-05 19:56:00'),(53,79,'zyy','15591789178','特斯拉','2026-07-05 23:42:00','TEST_DRIVE','','ACCEPTED',NULL,'',0,NULL,'2026-07-05 21:42:44','2026-07-05 22:00:31'),(54,79,'778','12345678900','安迪','2026-07-12 21:43:00','FINANCE','ww','PENDING',NULL,'',0,NULL,'2026-07-05 21:43:15','2026-07-05 21:43:15'),(55,79,'11111111111','11111111111','安迪 78 91款','2026-07-06 09:00:00','VALUATION','二手车置换估价后到店评估，预估回收价约1.00万，车牌:京B9178','ACCEPTED',NULL,'',0,NULL,'2026-07-05 21:43:34','2026-07-05 22:00:32'),(56,79,'778','11011011011','奥迪A6L','2026-07-29 21:43:00','MAINTENANCE','大保养','PENDING',NULL,'',0,NULL,'2026-07-05 21:43:56','2026-07-05 21:43:56'),(57,78,'778','11011011011','奥迪A6L','2026-07-24 21:57:00','REPAIR','wwww','ACCEPTED',NULL,'',0,NULL,'2026-07-05 21:58:02','2026-07-05 21:58:57'),(58,78,'778','11011011011','奥迪A6L','2026-07-05 23:58:00','REPAIR','wwwwwwwwwww','ACCEPTED',NULL,'',0,NULL,'2026-07-05 21:58:45','2026-07-05 21:59:02'),(59,78,'11111111111wwwww','11111111111wwwww','安迪 78 91款','2026-07-06 09:00:00','VALUATION','二手车置换估价后到店评估，预估回收价约1.00万，车牌:京B9178','ACCEPTED',NULL,'',0,NULL,'2026-07-05 22:00:22','2026-07-05 22:00:34');
/*!40000 ALTER TABLE `svc_appointment` ENABLE KEYS */;
UNLOCK TABLES;

--
-- Table structure for table `svc_dispatch`
--

DROP TABLE IF EXISTS `svc_dispatch`;
/*!40101 SET @saved_cs_client     = @@character_set_client */;
/*!50503 SET character_set_client = utf8mb4 */;
CREATE TABLE `svc_dispatch` (
  `id` bigint NOT NULL AUTO_INCREMENT,
  `work_order_id` bigint NOT NULL,
  `technician_id` bigint NOT NULL COMMENT 'æŠ€å¸ˆ',
  `dispatch_by` bigint DEFAULT NULL COMMENT 'æ´¾å·¥äºº',
  `dispatch_time` datetime DEFAULT NULL,
  `start_time` datetime DEFAULT NULL COMMENT 'æŠ€å¸ˆå¼€å·¥æ—¶é—´',
  `end_time` datetime DEFAULT NULL COMMENT 'æŠ€å¸ˆå®Œå·¥æ—¶é—´',
  `labor_hours` decimal(5,2) DEFAULT '0.00' COMMENT 'å·¥æ—¶æ•°',
  `status` varchar(20) DEFAULT 'ASSIGNED' COMMENT 'ASSIGNED/STARTED/COMPLETED',
  `remark` varchar(200) DEFAULT '',
  `is_deleted` tinyint DEFAULT '0',
  `created_at` datetime DEFAULT CURRENT_TIMESTAMP,
  `updated_at` datetime DEFAULT CURRENT_TIMESTAMP ON UPDATE CURRENT_TIMESTAMP,
  PRIMARY KEY (`id`),
  KEY `idx_wo_id` (`work_order_id`),
  KEY `idx_technician` (`technician_id`)
) ENGINE=InnoDB DEFAULT CHARSET=utf8mb4 COLLATE=utf8mb4_0900_ai_ci COMMENT='æ´¾å·¥è¡¨';
/*!40101 SET character_set_client = @saved_cs_client */;

--
-- Dumping data for table `svc_dispatch`
--

LOCK TABLES `svc_dispatch` WRITE;
/*!40000 ALTER TABLE `svc_dispatch` DISABLE KEYS */;
/*!40000 ALTER TABLE `svc_dispatch` ENABLE KEYS */;
UNLOCK TABLES;

--
-- Table structure for table `svc_follow_up`
--

DROP TABLE IF EXISTS `svc_follow_up`;
/*!40101 SET @saved_cs_client     = @@character_set_client */;
/*!50503 SET character_set_client = utf8mb4 */;
CREATE TABLE `svc_follow_up` (
  `id` bigint NOT NULL AUTO_INCREMENT,
  `work_order_id` bigint NOT NULL,
  `customer_id` bigint NOT NULL,
  `follow_up_time` datetime DEFAULT NULL COMMENT 'å›žè®¿æ—¶é—´',
  `satisfaction_score` int DEFAULT '0' COMMENT 'æ»¡æ„åº¦è¯„åˆ† 1-5',
  `feedback` varchar(500) DEFAULT '',
  `follow_by` bigint DEFAULT NULL,
  `status` varchar(20) DEFAULT 'PENDING' COMMENT 'PENDING/DONE/SKIPPED',
  `is_deleted` tinyint DEFAULT '0',
  `created_at` datetime DEFAULT CURRENT_TIMESTAMP,
  `updated_at` datetime DEFAULT CURRENT_TIMESTAMP ON UPDATE CURRENT_TIMESTAMP,
  PRIMARY KEY (`id`),
  KEY `idx_wo_id` (`work_order_id`),
  KEY `idx_customer_id` (`customer_id`)
) ENGINE=InnoDB DEFAULT CHARSET=utf8mb4 COLLATE=utf8mb4_0900_ai_ci COMMENT='å”®åŽå›žè®¿è¡¨';
/*!40101 SET character_set_client = @saved_cs_client */;

--
-- Dumping data for table `svc_follow_up`
--

LOCK TABLES `svc_follow_up` WRITE;
/*!40000 ALTER TABLE `svc_follow_up` DISABLE KEYS */;
/*!40000 ALTER TABLE `svc_follow_up` ENABLE KEYS */;
UNLOCK TABLES;

--
-- Table structure for table `svc_parts_requisition`
--

DROP TABLE IF EXISTS `svc_parts_requisition`;
/*!40101 SET @saved_cs_client     = @@character_set_client */;
/*!50503 SET character_set_client = utf8mb4 */;
CREATE TABLE `svc_parts_requisition` (
  `id` bigint NOT NULL AUTO_INCREMENT,
  `work_order_id` bigint NOT NULL,
  `accessory_id` bigint NOT NULL COMMENT 'å…³è”é…ä»¶åº“å­˜',
  `quantity` int NOT NULL,
  `unit_price` decimal(10,2) DEFAULT '0.00',
  `total_price` decimal(12,2) DEFAULT '0.00',
  `request_by` bigint DEFAULT NULL COMMENT 'é¢†æ–™äºº',
  `approved_by` bigint DEFAULT NULL COMMENT 'å®¡æ‰¹äºº',
  `status` varchar(20) DEFAULT 'PENDING' COMMENT 'PENDING/APPROVED/DELIVERED',
  `created_at` datetime DEFAULT CURRENT_TIMESTAMP,
  `updated_at` datetime DEFAULT CURRENT_TIMESTAMP ON UPDATE CURRENT_TIMESTAMP,
  PRIMARY KEY (`id`),
  KEY `idx_wo_id` (`work_order_id`)
) ENGINE=InnoDB DEFAULT CHARSET=utf8mb4 COLLATE=utf8mb4_0900_ai_ci COMMENT='é…ä»¶é¢†æ–™è¡¨';
/*!40101 SET character_set_client = @saved_cs_client */;

--
-- Dumping data for table `svc_parts_requisition`
--

LOCK TABLES `svc_parts_requisition` WRITE;
/*!40000 ALTER TABLE `svc_parts_requisition` DISABLE KEYS */;
/*!40000 ALTER TABLE `svc_parts_requisition` ENABLE KEYS */;
UNLOCK TABLES;

--
-- Table structure for table `svc_quality_check`
--

DROP TABLE IF EXISTS `svc_quality_check`;
/*!40101 SET @saved_cs_client     = @@character_set_client */;
/*!50503 SET character_set_client = utf8mb4 */;
CREATE TABLE `svc_quality_check` (
  `id` bigint NOT NULL AUTO_INCREMENT,
  `work_order_id` bigint NOT NULL,
  `checker_id` bigint DEFAULT NULL,
  `check_result` varchar(20) DEFAULT 'PENDING' COMMENT 'PENDING/PASSED/FAILED',
  `check_items` text COMMENT 'è´¨æ£€é¡¹ç›®JSON',
  `issue_found` varchar(500) DEFAULT '',
  `checked_at` datetime DEFAULT NULL,
  `created_at` datetime DEFAULT CURRENT_TIMESTAMP,
  `updated_at` datetime DEFAULT CURRENT_TIMESTAMP ON UPDATE CURRENT_TIMESTAMP,
  PRIMARY KEY (`id`),
  KEY `idx_wo_id` (`work_order_id`)
) ENGINE=InnoDB DEFAULT CHARSET=utf8mb4 COLLATE=utf8mb4_0900_ai_ci COMMENT='è´¨æ£€è¡¨';
/*!40101 SET character_set_client = @saved_cs_client */;

--
-- Dumping data for table `svc_quality_check`
--

LOCK TABLES `svc_quality_check` WRITE;
/*!40000 ALTER TABLE `svc_quality_check` DISABLE KEYS */;
/*!40000 ALTER TABLE `svc_quality_check` ENABLE KEYS */;
UNLOCK TABLES;

--
-- Table structure for table `svc_settlement`
--

DROP TABLE IF EXISTS `svc_settlement`;
/*!40101 SET @saved_cs_client     = @@character_set_client */;
/*!50503 SET character_set_client = utf8mb4 */;
CREATE TABLE `svc_settlement` (
  `id` bigint NOT NULL AUTO_INCREMENT,
  `work_order_id` bigint NOT NULL,
  `labor_fee` decimal(12,2) DEFAULT '0.00' COMMENT 'å·¥æ—¶è´¹',
  `parts_fee` decimal(12,2) DEFAULT '0.00' COMMENT 'é…ä»¶è´¹',
  `material_fee` decimal(12,2) DEFAULT '0.00' COMMENT 'è¾…æ–™è´¹',
  `outsourced_fee` decimal(12,2) DEFAULT '0.00' COMMENT 'å¤–åŒ…é¡¹ç›®è´¹',
  `discount` decimal(12,2) DEFAULT '0.00',
  `total_amount` decimal(12,2) DEFAULT '0.00',
  `payment_method` varchar(20) DEFAULT '' COMMENT 'CASH/CARD/TRANSFER/COMBINED',
  `payment_status` varchar(20) DEFAULT 'UNPAID' COMMENT 'UNPAID/PARTIAL/PAID',
  `paid_amount` decimal(12,2) DEFAULT '0.00',
  `settled_by` bigint DEFAULT NULL,
  `settled_at` datetime DEFAULT NULL,
  `is_deleted` tinyint DEFAULT '0',
  `created_at` datetime DEFAULT CURRENT_TIMESTAMP,
  `updated_at` datetime DEFAULT CURRENT_TIMESTAMP ON UPDATE CURRENT_TIMESTAMP,
  PRIMARY KEY (`id`),
  UNIQUE KEY `work_order_id` (`work_order_id`),
  KEY `idx_wo_id` (`work_order_id`)
) ENGINE=InnoDB DEFAULT CHARSET=utf8mb4 COLLATE=utf8mb4_0900_ai_ci COMMENT='å”®åŽç»“ç®—è¡¨';
/*!40101 SET character_set_client = @saved_cs_client */;

--
-- Dumping data for table `svc_settlement`
--

LOCK TABLES `svc_settlement` WRITE;
/*!40000 ALTER TABLE `svc_settlement` DISABLE KEYS */;
/*!40000 ALTER TABLE `svc_settlement` ENABLE KEYS */;
UNLOCK TABLES;

--
-- Table structure for table `svc_work_order`
--

DROP TABLE IF EXISTS `svc_work_order`;
/*!40101 SET @saved_cs_client     = @@character_set_client */;
/*!50503 SET character_set_client = utf8mb4 */;
CREATE TABLE `svc_work_order` (
  `id` bigint NOT NULL AUTO_INCREMENT,
  `wo_no` varchar(30) NOT NULL,
  `appointment_id` bigint DEFAULT NULL,
  `customer_id` bigint DEFAULT NULL,
  `vehicle_desc` varchar(200) DEFAULT '' COMMENT 'è½¦åž‹/è½¦ç‰Œ/VIN',
  `mileage` int DEFAULT '0' COMMENT 'è¿›åŽ‚é‡Œç¨‹',
  `fuel_level` varchar(10) DEFAULT '' COMMENT 'æ²¹é‡',
  `exterior_condition` text COMMENT 'å¤–è§‚çŠ¶å†µè®°å½•',
  `customer_complaint` text NOT NULL COMMENT 'å®¢æˆ·æè¿°é—®é¢˜',
  `technician_finding` text COMMENT 'æŠ€å¸ˆæ£€æŸ¥å‘çŽ°',
  `service_type` varchar(30) DEFAULT 'REPAIR',
  `status` varchar(20) DEFAULT 'RECEPTION' COMMENT 'RECEPTION/DISPATCHED/IN_PROGRESS/QC/WASH/SETTLEMENT/COMPLETED',
  `service_advisor_id` bigint DEFAULT NULL,
  `started_at` datetime DEFAULT NULL,
  `completed_at` datetime DEFAULT NULL,
  `is_deleted` tinyint DEFAULT '0',
  `created_by` bigint DEFAULT NULL,
  `created_at` datetime DEFAULT CURRENT_TIMESTAMP,
  `updated_at` datetime DEFAULT CURRENT_TIMESTAMP ON UPDATE CURRENT_TIMESTAMP,
  PRIMARY KEY (`id`),
  UNIQUE KEY `wo_no` (`wo_no`),
  KEY `idx_wo_no` (`wo_no`),
  KEY `idx_customer_id` (`customer_id`),
  KEY `idx_status` (`status`),
  KEY `idx_created_at` (`created_at`)
) ENGINE=InnoDB AUTO_INCREMENT=52 DEFAULT CHARSET=utf8mb4 COLLATE=utf8mb4_0900_ai_ci COMMENT='ç»´ä¿®å·¥å•è¡¨';
/*!40101 SET character_set_client = @saved_cs_client */;

--
-- Dumping data for table `svc_work_order`
--

LOCK TABLES `svc_work_order` WRITE;
/*!40000 ALTER TABLE `svc_work_order` DISABLE KEYS */;
INSERT INTO `svc_work_order` VALUES (22,'WO20260501001',NULL,1,'奥迪A6L 京A12345',2791,'',NULL,'发动机异响',NULL,'REPAIR','IN_PROGRESS',NULL,NULL,NULL,0,NULL,'2026-06-04 06:07:47','2026-06-04 06:07:47'),(23,'WO20260501002',NULL,1,'宝马325Li 京B67890',1716,'',NULL,'刹车偏软',NULL,'REPAIR','RECEPTION',NULL,NULL,NULL,0,NULL,'2026-06-04 06:07:47','2026-06-04 06:07:47'),(24,'WO20260501003',NULL,1,'奔驰C260L 京C11111',10961,'',NULL,'空调不制冷',NULL,'REPAIR','COMPLETED',NULL,NULL,NULL,0,NULL,'2026-06-04 06:07:47','2026-06-04 06:07:47'),(25,'WO1783221858556',34,4,'车型4',0,'',NULL,'',NULL,'MAINTENANCE','RECEPTION',NULL,NULL,NULL,0,NULL,'2026-07-05 03:24:18','2026-07-05 03:24:18'),(26,'WO1783221861065',33,3,'车型3',0,'',NULL,'',NULL,'REPAIR','RECEPTION',NULL,NULL,NULL,0,NULL,'2026-07-05 03:24:21','2026-07-05 03:24:21'),(27,'WO1783221867614',32,2,'车型2',0,'',NULL,'',NULL,'MAINTENANCE','RECEPTION',NULL,NULL,NULL,0,NULL,'2026-07-05 03:24:27','2026-07-05 03:24:27'),(28,'WO1783221868385',31,1,'车型1',0,'',NULL,'',NULL,'REPAIR','RECEPTION',NULL,NULL,NULL,0,NULL,'2026-07-05 03:24:28','2026-07-05 03:24:28'),(29,'WO1783229548456',37,77,'雅迪',0,'',NULL,'222',NULL,'REPAIR','RECEPTION',NULL,NULL,NULL,0,NULL,'2026-07-05 13:32:28','2026-07-05 13:32:28'),(30,'WO1783229549256',36,77,'小摩的',0,'',NULL,'空调清洗',NULL,'MAINTENANCE','RECEPTION',NULL,NULL,NULL,0,NULL,'2026-07-05 13:32:29','2026-07-05 13:32:29'),(31,'WO1783229550475',35,77,'奔驰',0,'',NULL,'',NULL,'TEST_DRIVE','RECEPTION',NULL,NULL,NULL,0,NULL,'2026-07-05 13:32:30','2026-07-05 13:32:30'),(32,'WO1783229745882',39,78,'嘻嘻',0,'',NULL,'空调清洗',NULL,'MAINTENANCE','RECEPTION',NULL,NULL,NULL,0,NULL,'2026-07-05 13:35:45','2026-07-05 13:35:45'),(33,'WO1783229746477',38,78,'小刀',0,'',NULL,'',NULL,'TEST_DRIVE','RECEPTION',NULL,NULL,NULL,0,NULL,'2026-07-05 13:35:46','2026-07-05 13:35:46'),(34,'WO1783242702036',40,NULL,'奥迪 A6L 2025款',0,'',NULL,'二手车置换估价后到店评估，预估回收价约7.20万，车牌:京B9178',NULL,'VALUATION','RECEPTION',NULL,NULL,NULL,0,NULL,'2026-07-05 17:11:42','2026-07-05 17:11:42'),(35,'WO1783242889929',41,NULL,'奥迪 A6L 2025款',0,'',NULL,'二手车置换估价后到店评估，预估回收价约7.20万，车牌:京B9178',NULL,'VALUATION','RECEPTION',NULL,NULL,NULL,0,NULL,'2026-07-05 17:14:49','2026-07-05 17:14:49'),(36,'WO1783244339244',43,77,'安迪A6',0,'',NULL,'',NULL,'TEST_DRIVE','RECEPTION',NULL,NULL,NULL,0,NULL,'2026-07-05 17:38:59','2026-07-05 17:38:59'),(37,'WO1783245821948',42,NULL,'特斯拉',0,'',NULL,'',NULL,'TEST_DRIVE','RECEPTION',NULL,NULL,NULL,0,NULL,'2026-07-05 18:03:41','2026-07-05 18:03:41'),(38,'WO1783246130981',44,NULL,'aodi aa 2025款',0,'',NULL,'二手车置换估价后到店评估，预估回收价约7.20万，车牌:京B9178',NULL,'VALUATION','RECEPTION',NULL,NULL,NULL,0,NULL,'2026-07-05 18:08:50','2026-07-05 18:08:50'),(39,'WO1783246404579',45,77,'安迪123',0,'',NULL,'',NULL,'FINANCE','RECEPTION',NULL,NULL,NULL,0,NULL,'2026-07-05 18:13:24','2026-07-05 18:13:24'),(40,'WO1783246677855',46,77,'安迪',0,'',NULL,'100万',NULL,'FINANCE','RECEPTION',NULL,NULL,NULL,0,NULL,'2026-07-05 18:17:57','2026-07-05 18:17:57'),(41,'WO1783246984070',50,77,'安迪',0,'',NULL,'78万',NULL,'FINANCE','RECEPTION',NULL,NULL,NULL,0,NULL,'2026-07-05 18:23:04','2026-07-05 18:23:04'),(42,'WO1783246993282',48,NULL,'安迪 78 91款',0,'',NULL,'二手车置换估价后到店评估，预估回收价约1.00万，车牌:京B9178',NULL,'VALUATION','RECEPTION',NULL,NULL,NULL,0,NULL,'2026-07-05 18:23:13','2026-07-05 18:23:13'),(43,'WO1783246996764',49,NULL,'安迪 78 91款',0,'',NULL,'二手车置换估价后到店评估，预估回收价约1.00万，车牌:京B9178',NULL,'VALUATION','RECEPTION',NULL,NULL,NULL,0,NULL,'2026-07-05 18:23:16','2026-07-05 18:23:16'),(44,'WO1783246998138',47,NULL,'安迪 78 91款',0,'',NULL,'二手车置换估价后到店评估，预估回收价约1.00万，车牌:京B9178',NULL,'VALUATION','RECEPTION',NULL,NULL,NULL,0,NULL,'2026-07-05 18:23:18','2026-07-05 18:23:18'),(45,'WO1783247033618',51,77,'安迪 78 91款',0,'',NULL,'二手车置换估价后到店评估，预估回收价约1.00万，车牌:京B9178',NULL,'VALUATION','RECEPTION',NULL,NULL,NULL,0,NULL,'2026-07-05 18:23:53','2026-07-05 18:23:53'),(46,'WO1783252560994',52,13,'小三轮车',0,'',NULL,'',NULL,'TEST_DRIVE','RECEPTION',NULL,NULL,NULL,0,NULL,'2026-07-05 19:56:01','2026-07-05 19:56:01'),(47,'WO1783259937481',57,78,'奥迪A6L',0,'',NULL,'wwww',NULL,'REPAIR','RECEPTION',NULL,NULL,NULL,0,NULL,'2026-07-05 21:58:57','2026-07-05 21:58:57'),(48,'WO1783259942356',58,78,'奥迪A6L',0,'',NULL,'wwwwwwwwwww',NULL,'REPAIR','RECEPTION',NULL,NULL,NULL,0,NULL,'2026-07-05 21:59:02','2026-07-05 21:59:02'),(49,'WO1783260031856',53,79,'特斯拉',0,'',NULL,'',NULL,'TEST_DRIVE','RECEPTION',NULL,NULL,NULL,0,NULL,'2026-07-05 22:00:31','2026-07-05 22:00:31'),(50,'WO1783260032728',55,79,'安迪 78 91款',0,'',NULL,'二手车置换估价后到店评估，预估回收价约1.00万，车牌:京B9178',NULL,'VALUATION','RECEPTION',NULL,NULL,NULL,0,NULL,'2026-07-05 22:00:32','2026-07-05 22:00:32'),(51,'WO1783260034230',59,78,'安迪 78 91款',0,'',NULL,'二手车置换估价后到店评估，预估回收价约1.00万，车牌:京B9178',NULL,'VALUATION','RECEPTION',NULL,NULL,NULL,0,NULL,'2026-07-05 22:00:34','2026-07-05 22:00:34');
/*!40000 ALTER TABLE `svc_work_order` ENABLE KEYS */;
UNLOCK TABLES;

--
-- Table structure for table `sys_config`
--

DROP TABLE IF EXISTS `sys_config`;
/*!40101 SET @saved_cs_client     = @@character_set_client */;
/*!50503 SET character_set_client = utf8mb4 */;
CREATE TABLE `sys_config` (
  `id` bigint NOT NULL AUTO_INCREMENT,
  `config_name` varchar(50) NOT NULL,
  `config_key` varchar(50) NOT NULL,
  `config_value` varchar(500) NOT NULL,
  `config_type` varchar(20) DEFAULT 'STRING',
  `remark` varchar(200) DEFAULT '',
  `status` tinyint DEFAULT '1',
  `is_deleted` tinyint DEFAULT '0',
  `created_at` datetime DEFAULT CURRENT_TIMESTAMP,
  `updated_at` datetime DEFAULT CURRENT_TIMESTAMP ON UPDATE CURRENT_TIMESTAMP,
  PRIMARY KEY (`id`),
  UNIQUE KEY `config_key` (`config_key`)
) ENGINE=InnoDB DEFAULT CHARSET=utf8mb4 COLLATE=utf8mb4_0900_ai_ci COMMENT='ç³»ç»Ÿå‚æ•°è¡¨';
/*!40101 SET character_set_client = @saved_cs_client */;

--
-- Dumping data for table `sys_config`
--

LOCK TABLES `sys_config` WRITE;
/*!40000 ALTER TABLE `sys_config` DISABLE KEYS */;
/*!40000 ALTER TABLE `sys_config` ENABLE KEYS */;
UNLOCK TABLES;

--
-- Table structure for table `sys_dept`
--

DROP TABLE IF EXISTS `sys_dept`;
/*!40101 SET @saved_cs_client     = @@character_set_client */;
/*!50503 SET character_set_client = utf8mb4 */;
CREATE TABLE `sys_dept` (
  `id` bigint NOT NULL AUTO_INCREMENT,
  `parent_id` bigint DEFAULT '0',
  `dept_name` varchar(50) NOT NULL,
  `dept_code` varchar(30) NOT NULL,
  `sort_order` int DEFAULT '0',
  `leader` varchar(50) DEFAULT '',
  `phone` varchar(20) DEFAULT '',
  `status` tinyint DEFAULT '1',
  `is_deleted` tinyint DEFAULT '0',
  `created_at` datetime DEFAULT CURRENT_TIMESTAMP,
  `updated_at` datetime DEFAULT CURRENT_TIMESTAMP ON UPDATE CURRENT_TIMESTAMP,
  PRIMARY KEY (`id`)
) ENGINE=InnoDB AUTO_INCREMENT=8 DEFAULT CHARSET=utf8mb4 COLLATE=utf8mb4_0900_ai_ci COMMENT='éƒ¨é—¨è¡¨';
/*!40101 SET character_set_client = @saved_cs_client */;

--
-- Dumping data for table `sys_dept`
--

LOCK TABLES `sys_dept` WRITE;
/*!40000 ALTER TABLE `sys_dept` DISABLE KEYS */;
INSERT INTO `sys_dept` VALUES (1,0,'总经办','HEAD_OFFICE',1,'','',1,0,'2026-06-04 06:07:45','2026-06-04 06:07:45'),(2,0,'销售部','SALES',2,'','',1,0,'2026-06-04 06:07:45','2026-06-04 06:07:45'),(3,0,'售后部','AFTERSALES',3,'','',1,0,'2026-06-04 06:07:45','2026-06-04 06:07:45'),(4,0,'市场部','MARKETING',4,'','',1,0,'2026-06-04 06:07:45','2026-06-04 06:07:45'),(5,0,'财务部','FINANCE',5,'','',1,0,'2026-06-04 06:07:45','2026-06-04 06:07:45'),(6,0,'行政部','ADMIN',6,'','',1,0,'2026-06-04 06:07:45','2026-06-04 06:07:45'),(7,0,'客户管理','CUSTOMER',7,'','',1,0,'2026-07-04 13:02:27','2026-07-04 13:03:44');
/*!40000 ALTER TABLE `sys_dept` ENABLE KEYS */;
UNLOCK TABLES;

--
-- Table structure for table `sys_dict`
--

DROP TABLE IF EXISTS `sys_dict`;
/*!40101 SET @saved_cs_client     = @@character_set_client */;
/*!50503 SET character_set_client = utf8mb4 */;
CREATE TABLE `sys_dict` (
  `id` bigint NOT NULL AUTO_INCREMENT,
  `dict_type_id` bigint NOT NULL,
  `dict_label` varchar(50) NOT NULL,
  `dict_value` varchar(50) NOT NULL,
  `sort_order` int DEFAULT '0',
  `css_class` varchar(50) DEFAULT '',
  `status` tinyint DEFAULT '1',
  `is_deleted` tinyint DEFAULT '0',
  `created_at` datetime DEFAULT CURRENT_TIMESTAMP,
  `updated_at` datetime DEFAULT CURRENT_TIMESTAMP ON UPDATE CURRENT_TIMESTAMP,
  PRIMARY KEY (`id`),
  KEY `idx_dict_type` (`dict_type_id`)
) ENGINE=InnoDB AUTO_INCREMENT=331 DEFAULT CHARSET=utf8mb4 COLLATE=utf8mb4_0900_ai_ci COMMENT='æ•°æ®å­—å…¸è¡¨';
/*!40101 SET character_set_client = @saved_cs_client */;

--
-- Dumping data for table `sys_dict`
--

LOCK TABLES `sys_dict` WRITE;
/*!40000 ALTER TABLE `sys_dict` DISABLE KEYS */;
INSERT INTO `sys_dict` VALUES (309,1,'进店','WALK_IN',1,'',1,0,'2026-06-04 06:07:47','2026-06-04 06:07:47'),(310,1,'网销','ONLINE',2,'',1,0,'2026-06-04 06:07:47','2026-06-04 06:07:47'),(311,1,'外拓','OUTREACH',3,'',1,0,'2026-06-04 06:07:47','2026-06-04 06:07:47'),(312,1,'老客户介绍','REFERRAL',4,'',1,0,'2026-06-04 06:07:47','2026-06-04 06:07:47'),(313,1,'车展','AUTO_SHOW',5,'',1,0,'2026-06-04 06:07:47','2026-06-04 06:07:47'),(314,1,'电话','PHONE',6,'',1,0,'2026-06-04 06:07:47','2026-06-04 06:07:47'),(315,2,'H级-1周内成交','H',1,'',1,0,'2026-06-04 06:07:47','2026-06-04 06:07:47'),(316,2,'A级-1月内成交','A',2,'',1,0,'2026-06-04 06:07:47','2026-06-04 06:07:47'),(317,2,'B级-3月内成交','B',3,'',1,0,'2026-06-04 06:07:47','2026-06-04 06:07:47'),(318,2,'C级-半年内成交','C',4,'',1,0,'2026-06-04 06:07:47','2026-06-04 06:07:47'),(319,2,'D级-无意向','D',5,'',1,0,'2026-06-04 06:07:47','2026-06-04 06:07:47'),(320,3,'全款','FULL',6,'',1,0,'2026-06-04 06:07:47','2026-06-04 06:07:47'),(321,3,'分期/贷款','LOAN',1,'',1,0,'2026-06-04 06:07:47','2026-06-04 06:07:47'),(322,4,'轿车','SEDAN',2,'',1,0,'2026-06-04 06:07:47','2026-06-04 06:07:47'),(323,4,'SUV','SUV',3,'',1,0,'2026-06-04 06:07:47','2026-06-04 06:07:47'),(324,4,'MPV','MPV',4,'',1,0,'2026-06-04 06:07:47','2026-06-04 06:07:47'),(325,4,'新能源','EV',5,'',1,0,'2026-06-04 06:07:47','2026-06-04 06:07:47'),(326,4,'跑车','SPORTS',6,'',1,0,'2026-06-04 06:07:47','2026-06-04 06:07:47'),(327,7,'电话','PHONE',1,'',1,0,'2026-06-04 06:07:47','2026-06-04 06:07:47'),(328,7,'微信','WECHAT',2,'',1,0,'2026-06-04 06:07:47','2026-06-04 06:07:47'),(329,7,'到店','VISIT',3,'',1,0,'2026-06-04 06:07:47','2026-06-04 06:07:47'),(330,7,'其他','OTHER',4,'',1,0,'2026-06-04 06:07:47','2026-06-04 06:07:47');
/*!40000 ALTER TABLE `sys_dict` ENABLE KEYS */;
UNLOCK TABLES;

--
-- Table structure for table `sys_dict_type`
--

DROP TABLE IF EXISTS `sys_dict_type`;
/*!40101 SET @saved_cs_client     = @@character_set_client */;
/*!50503 SET character_set_client = utf8mb4 */;
CREATE TABLE `sys_dict_type` (
  `id` bigint NOT NULL AUTO_INCREMENT,
  `dict_name` varchar(50) NOT NULL,
  `dict_code` varchar(50) NOT NULL,
  `status` tinyint DEFAULT '1',
  `is_deleted` tinyint DEFAULT '0',
  `created_at` datetime DEFAULT CURRENT_TIMESTAMP,
  `updated_at` datetime DEFAULT CURRENT_TIMESTAMP ON UPDATE CURRENT_TIMESTAMP,
  PRIMARY KEY (`id`),
  UNIQUE KEY `dict_code` (`dict_code`)
) ENGINE=InnoDB AUTO_INCREMENT=8 DEFAULT CHARSET=utf8mb4 COLLATE=utf8mb4_0900_ai_ci COMMENT='å­—å…¸ç±»åž‹è¡¨';
/*!40101 SET character_set_client = @saved_cs_client */;

--
-- Dumping data for table `sys_dict_type`
--

LOCK TABLES `sys_dict_type` WRITE;
/*!40000 ALTER TABLE `sys_dict_type` DISABLE KEYS */;
INSERT INTO `sys_dict_type` VALUES (1,'客户来源','customer_source',1,0,'2026-06-04 06:07:46','2026-06-04 06:07:46'),(2,'客户级别','customer_grade',1,0,'2026-06-04 06:07:47','2026-06-04 06:07:47'),(3,'付款方式','payment_method',1,0,'2026-06-04 06:07:47','2026-06-04 06:07:47'),(4,'车辆类型','vehicle_type',1,0,'2026-06-04 06:07:47','2026-06-04 06:07:47'),(5,'订单状态','order_status',1,0,'2026-06-04 06:07:47','2026-06-04 06:07:47'),(6,'线索状态','lead_status',1,0,'2026-06-04 06:07:47','2026-06-04 06:07:47'),(7,'跟进方式','follow_method',1,0,'2026-06-04 06:07:47','2026-06-04 06:07:47');
/*!40000 ALTER TABLE `sys_dict_type` ENABLE KEYS */;
UNLOCK TABLES;

--
-- Table structure for table `sys_operation_log`
--

DROP TABLE IF EXISTS `sys_operation_log`;
/*!40101 SET @saved_cs_client     = @@character_set_client */;
/*!50503 SET character_set_client = utf8mb4 */;
CREATE TABLE `sys_operation_log` (
  `id` bigint NOT NULL AUTO_INCREMENT,
  `user_id` bigint DEFAULT NULL,
  `username` varchar(50) DEFAULT '',
  `module` varchar(50) DEFAULT '',
  `action` varchar(50) DEFAULT '',
  `method` varchar(200) DEFAULT '',
  `request_url` varchar(500) DEFAULT '',
  `request_method` varchar(10) DEFAULT '',
  `request_params` text,
  `response_result` text,
  `ip` varchar(50) DEFAULT '',
  `duration` bigint DEFAULT '0',
  `status` tinyint DEFAULT '1',
  `error_msg` text,
  `created_at` datetime DEFAULT CURRENT_TIMESTAMP,
  PRIMARY KEY (`id`),
  KEY `idx_user_id` (`user_id`),
  KEY `idx_created_at` (`created_at`),
  KEY `idx_module` (`module`)
) ENGINE=InnoDB DEFAULT CHARSET=utf8mb4 COLLATE=utf8mb4_0900_ai_ci COMMENT='æ“ä½œæ—¥å¿—è¡¨';
/*!40101 SET character_set_client = @saved_cs_client */;

--
-- Dumping data for table `sys_operation_log`
--

LOCK TABLES `sys_operation_log` WRITE;
/*!40000 ALTER TABLE `sys_operation_log` DISABLE KEYS */;
/*!40000 ALTER TABLE `sys_operation_log` ENABLE KEYS */;
UNLOCK TABLES;

--
-- Table structure for table `sys_permission`
--

DROP TABLE IF EXISTS `sys_permission`;
/*!40101 SET @saved_cs_client     = @@character_set_client */;
/*!50503 SET character_set_client = utf8mb4 */;
CREATE TABLE `sys_permission` (
  `id` bigint NOT NULL AUTO_INCREMENT,
  `parent_id` bigint DEFAULT '0',
  `perm_name` varchar(50) NOT NULL,
  `perm_code` varchar(100) DEFAULT '',
  `perm_type` varchar(10) NOT NULL COMMENT 'MENU/BUTTON',
  `path` varchar(200) DEFAULT '',
  `component` varchar(200) DEFAULT '',
  `icon` varchar(50) DEFAULT '',
  `sort_order` int DEFAULT '0',
  `status` tinyint DEFAULT '1',
  `is_deleted` tinyint DEFAULT '0',
  `created_at` datetime DEFAULT CURRENT_TIMESTAMP,
  `updated_at` datetime DEFAULT CURRENT_TIMESTAMP ON UPDATE CURRENT_TIMESTAMP,
  PRIMARY KEY (`id`)
) ENGINE=InnoDB AUTO_INCREMENT=74 DEFAULT CHARSET=utf8mb4 COLLATE=utf8mb4_0900_ai_ci COMMENT='æƒé™èœå•è¡¨';
/*!40101 SET character_set_client = @saved_cs_client */;

--
-- Dumping data for table `sys_permission`
--

LOCK TABLES `sys_permission` WRITE;
/*!40000 ALTER TABLE `sys_permission` DISABLE KEYS */;
INSERT INTO `sys_permission` VALUES (1,0,'系统管理','','MENU','/system','','Setting',1,1,0,'2026-06-04 06:07:46','2026-06-04 06:07:46'),(2,1,'用户管理','','MENU','/system/users','','User',10,1,0,'2026-06-04 06:07:46','2026-06-04 06:07:46'),(3,1,'角色管理','','MENU','/system/roles','','Avatar',20,1,0,'2026-06-04 06:07:46','2026-06-04 06:07:46'),(4,1,'权限管理','','MENU','/system/permissions','','Lock',30,1,0,'2026-06-04 06:07:46','2026-06-04 06:07:46'),(5,1,'部门管理','','MENU','/system/depts','','OfficeBuilding',40,1,0,'2026-06-04 06:07:46','2026-06-04 06:07:46'),(6,1,'数据字典','','MENU','/system/dict','','Collection',50,1,0,'2026-06-04 06:07:46','2026-06-04 06:07:46'),(7,1,'系统参数','','MENU','/system/config','','Tools',60,1,0,'2026-06-04 06:07:46','2026-06-04 06:07:46'),(8,1,'操作日志','','MENU','/system/logs','','Document',70,1,0,'2026-06-04 06:07:46','2026-06-04 06:07:46'),(10,0,'客户关系','','MENU','/crm','','UserFilled',2,1,0,'2026-06-04 06:07:46','2026-06-04 06:07:46'),(11,10,'客户档案','','MENU','/crm/customers','','UserFilled',10,1,0,'2026-06-04 06:07:46','2026-06-04 06:07:46'),(12,10,'跟进记录','','MENU','/crm/follow-ups','','ChatLineSquare',20,1,0,'2026-06-04 06:07:46','2026-06-04 06:07:46'),(13,10,'线索公海','','MENU','/crm/leads','','Ship',30,1,0,'2026-06-04 06:07:46','2026-06-04 06:07:46'),(14,10,'战败客户','','MENU','/crm/lost','','Warning',40,1,0,'2026-06-04 06:07:46','2026-06-04 06:07:46'),(15,10,'提醒任务','','MENU','/crm/reminders','','AlarmClock',50,1,0,'2026-06-04 06:07:46','2026-06-04 06:07:46'),(20,0,'整车销售','','MENU','/sale','','Sell',3,1,0,'2026-06-04 06:07:46','2026-06-04 06:07:46'),(21,20,'销售机会','','MENU','/sale/opportunities','','Opportunity',10,1,0,'2026-06-04 06:07:46','2026-06-04 06:07:46'),(22,20,'订单管理','','MENU','/sale/orders','','Tickets',20,1,0,'2026-06-04 06:07:46','2026-06-04 06:07:46'),(23,20,'车辆交付','','MENU','/sale/deliveries','','Van',30,1,0,'2026-06-04 06:07:46','2026-06-04 06:07:46'),(24,20,'合同管理','','MENU','/sale/contracts','','DocumentChecked',40,1,0,'2026-06-04 06:07:46','2026-06-04 06:07:46'),(30,0,'库存管理','','MENU','/stock','','Box',4,1,0,'2026-06-04 06:07:46','2026-06-04 06:07:46'),(31,30,'整车库存','','MENU','/stock/vehicles','','Van',10,1,0,'2026-06-04 06:07:46','2026-06-04 06:07:46'),(32,30,'入库管理','','MENU','/stock/inbound','','Download',20,1,0,'2026-06-04 06:07:46','2026-06-04 06:07:46'),(33,30,'出库管理','','MENU','/stock/outbound','','Upload',30,1,0,'2026-06-04 06:07:46','2026-06-04 06:07:46'),(34,30,'配件库存','','MENU','/stock/accessories','','Goods',40,1,0,'2026-06-04 06:07:46','2026-06-04 06:07:46'),(35,30,'盘点管理','','MENU','/stock/checks','','Check',50,1,0,'2026-06-04 06:07:46','2026-06-04 06:07:46'),(40,0,'售后维修','','MENU','/service','','Tool',5,1,0,'2026-06-04 06:07:46','2026-06-04 06:07:46'),(41,40,'预约管理','','MENU','/service/appointments','','Calendar',10,1,0,'2026-06-04 06:07:46','2026-06-04 06:07:46'),(42,40,'维修工单','','MENU','/service/work-orders','','Notebook',20,1,0,'2026-06-04 06:07:46','2026-06-04 06:07:46'),(43,40,'结算管理','','MENU','/service/settlements','','Money',30,1,0,'2026-06-04 06:07:46','2026-06-04 06:07:46'),(44,40,'回访管理','','MENU','/service/follow-ups','','Phone',40,1,0,'2026-06-04 06:07:46','2026-06-04 06:07:46'),(50,0,'财务结算','','MENU','/finance','','Money',6,1,0,'2026-06-04 06:07:46','2026-06-04 06:07:46'),(51,50,'收款管理','','MENU','/finance/payments','','CreditCard',10,1,0,'2026-06-04 06:07:46','2026-06-04 06:07:46'),(52,50,'发票管理','','MENU','/finance/invoices','','Receipt',20,1,0,'2026-06-04 06:07:46','2026-06-04 06:07:46'),(53,50,'退款管理','','MENU','/finance/refunds','','Money',30,1,0,'2026-06-04 06:07:46','2026-06-04 06:07:46'),(54,50,'应收账款','','MENU','/finance/receivables','','Wallet',40,1,0,'2026-06-04 06:07:46','2026-06-04 06:07:46'),(55,50,'日结管理','','MENU','/finance/daily-settle','','DataAnalysis',50,1,0,'2026-06-04 06:07:46','2026-06-04 06:07:46'),(60,0,'统计报表','','MENU','/report','','DataAnalysis',7,1,0,'2026-06-04 06:07:46','2026-06-04 06:07:46'),(61,60,'销售漏斗','','MENU','/report/sales-funnel','','PieChart',10,1,0,'2026-06-04 06:07:46','2026-06-04 06:07:46'),(62,60,'销售业绩','','MENU','/report/sales-performance','','TrendCharts',20,1,0,'2026-06-04 06:07:46','2026-06-04 06:07:46'),(63,60,'售后业绩','','MENU','/report/service-performance','','TrendCharts',30,1,0,'2026-06-04 06:07:46','2026-06-04 06:07:46'),(64,60,'库存分析','','MENU','/report/inventory','','Odometer',40,1,0,'2026-06-04 06:07:46','2026-06-04 06:07:46'),(65,60,'财务报表','','MENU','/report/finance','','TrendCharts',50,1,0,'2026-06-04 06:07:46','2026-06-04 06:07:46'),(70,0,'市场营销','','MENU','/marketing','','Promotion',8,1,0,'2026-06-04 06:07:46','2026-06-04 06:07:46'),(71,70,'活动管理','','MENU','/marketing/campaigns','','Flag',10,1,0,'2026-06-04 06:07:46','2026-06-04 06:07:46'),(72,70,'渠道管理','','MENU','/marketing/channels','','Share',20,1,0,'2026-06-04 06:07:46','2026-06-04 06:07:46'),(73,70,'卡券管理','','MENU','/marketing/coupons','','Ticket',30,1,0,'2026-06-04 06:07:46','2026-06-04 06:07:46');
/*!40000 ALTER TABLE `sys_permission` ENABLE KEYS */;
UNLOCK TABLES;

--
-- Table structure for table `sys_role`
--

DROP TABLE IF EXISTS `sys_role`;
/*!40101 SET @saved_cs_client     = @@character_set_client */;
/*!50503 SET character_set_client = utf8mb4 */;
CREATE TABLE `sys_role` (
  `id` bigint NOT NULL AUTO_INCREMENT,
  `role_name` varchar(50) NOT NULL,
  `role_code` varchar(50) NOT NULL,
  `description` varchar(255) DEFAULT '',
  `status` tinyint DEFAULT '1',
  `is_deleted` tinyint DEFAULT '0',
  `created_by` bigint DEFAULT NULL,
  `updated_by` bigint DEFAULT NULL,
  `created_at` datetime DEFAULT CURRENT_TIMESTAMP,
  `updated_at` datetime DEFAULT CURRENT_TIMESTAMP ON UPDATE CURRENT_TIMESTAMP,
  PRIMARY KEY (`id`),
  UNIQUE KEY `role_code` (`role_code`)
) ENGINE=InnoDB AUTO_INCREMENT=9 DEFAULT CHARSET=utf8mb4 COLLATE=utf8mb4_0900_ai_ci COMMENT='è§’è‰²è¡¨';
/*!40101 SET character_set_client = @saved_cs_client */;

--
-- Dumping data for table `sys_role`
--

LOCK TABLES `sys_role` WRITE;
/*!40000 ALTER TABLE `sys_role` DISABLE KEYS */;
INSERT INTO `sys_role` VALUES (1,'系统管理员','ADMIN','拥有所有权限',1,0,NULL,NULL,'2026-06-04 06:07:45','2026-06-04 06:07:45'),(2,'销售经理','SALES_MANAGER','管理销售团队和线索分配',1,0,NULL,NULL,'2026-06-04 06:07:45','2026-06-04 06:07:45'),(3,'销售顾问','SALES_CONSULTANT','跟进客户和创建订单',1,0,NULL,NULL,'2026-06-04 06:07:45','2026-06-04 06:07:45'),(4,'售后经理','SERVICE_MANAGER','管理售后团队',1,0,NULL,NULL,'2026-06-04 06:07:45','2026-06-04 06:07:45'),(5,'服务顾问','SERVICE_ADVISOR','接车和工单管理',1,0,NULL,NULL,'2026-06-04 06:07:45','2026-06-04 06:07:45'),(6,'技师','TECHNICIAN','维修执行',1,0,NULL,NULL,'2026-06-04 06:07:46','2026-06-04 06:07:46'),(7,'财务','FINANCE','收款、发票和结算',1,0,NULL,NULL,'2026-06-04 06:07:46','2026-06-04 06:07:46'),(8,'店长','STORE_MANAGER','查看所有报表和数据',1,0,NULL,NULL,'2026-06-04 06:07:46','2026-06-04 06:07:46');
/*!40000 ALTER TABLE `sys_role` ENABLE KEYS */;
UNLOCK TABLES;

--
-- Table structure for table `sys_role_permission`
--

DROP TABLE IF EXISTS `sys_role_permission`;
/*!40101 SET @saved_cs_client     = @@character_set_client */;
/*!50503 SET character_set_client = utf8mb4 */;
CREATE TABLE `sys_role_permission` (
  `id` bigint NOT NULL AUTO_INCREMENT,
  `role_id` bigint NOT NULL,
  `permission_id` bigint NOT NULL,
  PRIMARY KEY (`id`),
  UNIQUE KEY `uk_role_perm` (`role_id`,`permission_id`)
) ENGINE=InnoDB DEFAULT CHARSET=utf8mb4 COLLATE=utf8mb4_0900_ai_ci COMMENT='è§’è‰²æƒé™å…³è”è¡¨';
/*!40101 SET character_set_client = @saved_cs_client */;

--
-- Dumping data for table `sys_role_permission`
--

LOCK TABLES `sys_role_permission` WRITE;
/*!40000 ALTER TABLE `sys_role_permission` DISABLE KEYS */;
/*!40000 ALTER TABLE `sys_role_permission` ENABLE KEYS */;
UNLOCK TABLES;

--
-- Table structure for table `sys_user`
--

DROP TABLE IF EXISTS `sys_user`;
/*!40101 SET @saved_cs_client     = @@character_set_client */;
/*!50503 SET character_set_client = utf8mb4 */;
CREATE TABLE `sys_user` (
  `id` bigint NOT NULL AUTO_INCREMENT,
  `username` varchar(50) NOT NULL,
  `password` varchar(255) NOT NULL,
  `real_name` varchar(50) DEFAULT '',
  `phone` varchar(20) DEFAULT '',
  `email` varchar(100) DEFAULT '',
  `avatar` varchar(500) DEFAULT '',
  `dept_id` bigint DEFAULT NULL,
  `position` varchar(50) DEFAULT '',
  `status` tinyint DEFAULT '1',
  `is_deleted` tinyint DEFAULT '0',
  `created_by` bigint DEFAULT NULL,
  `updated_by` bigint DEFAULT NULL,
  `created_at` datetime DEFAULT CURRENT_TIMESTAMP,
  `updated_at` datetime DEFAULT CURRENT_TIMESTAMP ON UPDATE CURRENT_TIMESTAMP,
  PRIMARY KEY (`id`),
  UNIQUE KEY `username` (`username`),
  KEY `idx_dept_id` (`dept_id`),
  KEY `idx_username` (`username`)
) ENGINE=InnoDB AUTO_INCREMENT=15 DEFAULT CHARSET=utf8mb4 COLLATE=utf8mb4_0900_ai_ci COMMENT='ç³»ç»Ÿç”¨æˆ·è¡¨';
/*!40101 SET character_set_client = @saved_cs_client */;

--
-- Dumping data for table `sys_user`
--

LOCK TABLES `sys_user` WRITE;
/*!40000 ALTER TABLE `sys_user` DISABLE KEYS */;
INSERT INTO `sys_user` VALUES (1,'admin','$2a$10$Bp2Oi0zMraKjRYcBAtyiEeLdeZ2YCaFp9y8QaJPmc0K7nKFA1sem2','系统管理员','13800000000','','',1,'',1,0,NULL,NULL,'2026-06-04 06:07:46','2026-06-04 06:07:46'),(2,'zhangsan','$2a$10$39pXBB/ljEFB7RP350Tn5OG3H9OQBMsxXVBE/ZGXjSsdda8kMmwSm','张经理','13800000001','','',2,'',1,0,NULL,NULL,'2026-06-04 06:07:46','2026-06-04 06:07:46'),(3,'lisi','$2a$10$.g5breq2zt4urYxrxTNbHOI39tN.PcPZp3.oVPSkae2i4rA92xcIC','李顾问','13800000002','','',2,'',1,0,NULL,NULL,'2026-06-04 06:07:46','2026-06-04 06:07:46'),(4,'wangwu','$2a$10$d1waehXJFCKdkLDtZ16rl.Ly7AIq8gdE84aczbg32fFx8alcWVm2K','王顾问','13800000003','','',2,'',1,0,NULL,NULL,'2026-06-04 06:07:46','2026-06-04 06:07:46'),(5,'zhaoliu','$2a$10$k6iorbFRG3YEhctU.KlPpeRZIrjLqG9wI9TSPAItD/brpXZ5LZt4i','赵经理','13800000004','','',3,'',1,0,NULL,NULL,'2026-06-04 06:07:46','2026-06-04 06:07:46'),(6,'sunqi','$2a$10$i2sjmP6gpts2geSW5k75U.C6E6cxmrju61Vp5kwE7fDS0i4MzIcey','孙顾问','13800000005','','',3,'',1,0,NULL,NULL,'2026-06-04 06:07:46','2026-06-04 06:07:46'),(7,'zhouba','$2a$10$cCgiNPa5zqy0mR3SgIJbAeslW4sUmECyWNXJAbSkOfVcXMv6O61Li','周师傅','13800000006','','',3,'',1,0,NULL,NULL,'2026-06-04 06:07:46','2026-06-04 06:07:46'),(8,'wujiu','$2a$10$MEyiLPVUnnbP/XTh3Rk2Eu/meWp/4Qok1Ttf3Fg0tTjsOut9vbjqS','吴财务','13800000007','','',5,'',1,0,NULL,NULL,'2026-06-04 06:07:46','2026-06-04 06:07:46'),(9,'zhengshi','$2a$10$4HBX5KvLGMYkCGSBvXcW1uK0rELOZ69pMj1kKoJSXNSFCOcoT1fO2','郑店长','13800000008','','',1,'',1,0,NULL,NULL,'2026-06-04 06:07:46','2026-06-04 06:07:46'),(10,'maodie','$2a$10$39pXBB/ljEFB7RP350Tn5OG3H9OQBMsxXVBE/ZGXjSsdda8kMmwSm','圆头耄耋','14796906618','maodie@test.com','http://114.55.225.32:9000/4s-images/avatars/b8509edf-4550-4df2-b815-e62a06a3d7e4.jpg',NULL,'',1,0,NULL,NULL,'2026-07-04 11:39:48','2026-07-05 12:53:26'),(11,'cxk','$2a$10$GBYbwA3yb8hG77X.opMmJ.IKuXRCqNv3GtHRNT/MNwALWqXmzdlc6','蔡徐坤','15083968857','','http://114.55.225.32:9000/4s-images/avatars/e08e735d-f521-4e9e-899f-85a42e567e97.jpg',NULL,'',1,0,NULL,NULL,'2026-07-05 13:34:07','2026-07-05 13:34:07'),(12,'nailong ','$2a$10$D6nbZjQGLa9cOZnvQvQkD.xoJGjrFDVETmZG4BUqFYywDUniRz2Q.','','','','',NULL,'',1,0,NULL,NULL,'2026-07-05 14:54:21','2026-07-05 14:54:21'),(13,'manba','$2a$10$MfOb9QW8ZTyYhOjv40jMquUcbGKhWYEbApOwG7BQm1v/qPnIxRmJO','科比布莱恩特','','','',NULL,'',1,0,NULL,NULL,'2026-07-05 18:26:32','2026-07-05 18:26:32'),(14,'xiaoqinghao','$2a$10$q/8d7HjWwTQ3jD44dUjPZOtpapj6jc1gTpIjyTXpR6NyE9uhFjdFm','嘉豪','9178917899','','http://114.55.225.32:9000/4s-images/avatars/9368211c-2ae5-4317-baba-ab2350e1bf3d.jpg',NULL,'',1,0,NULL,NULL,'2026-07-05 19:06:14','2026-07-05 19:06:14');
/*!40000 ALTER TABLE `sys_user` ENABLE KEYS */;
UNLOCK TABLES;

--
-- Table structure for table `sys_user_role`
--

DROP TABLE IF EXISTS `sys_user_role`;
/*!40101 SET @saved_cs_client     = @@character_set_client */;
/*!50503 SET character_set_client = utf8mb4 */;
CREATE TABLE `sys_user_role` (
  `id` bigint NOT NULL AUTO_INCREMENT,
  `user_id` bigint NOT NULL,
  `role_id` bigint NOT NULL,
  PRIMARY KEY (`id`),
  UNIQUE KEY `uk_user_role` (`user_id`,`role_id`)
) ENGINE=InnoDB AUTO_INCREMENT=85 DEFAULT CHARSET=utf8mb4 COLLATE=utf8mb4_0900_ai_ci COMMENT='ç”¨æˆ·è§’è‰²å…³è”è¡¨';
/*!40101 SET character_set_client = @saved_cs_client */;

--
-- Dumping data for table `sys_user_role`
--

LOCK TABLES `sys_user_role` WRITE;
/*!40000 ALTER TABLE `sys_user_role` DISABLE KEYS */;
INSERT INTO `sys_user_role` VALUES (71,1,1),(72,2,2),(73,3,3),(74,4,3),(75,5,4),(76,6,5),(77,7,6),(78,8,7),(79,9,8),(80,10,3),(81,11,3),(82,12,3),(83,13,3),(84,14,3);
/*!40000 ALTER TABLE `sys_user_role` ENABLE KEYS */;
UNLOCK TABLES;

--
-- Table structure for table `users`
--

DROP TABLE IF EXISTS `users`;
/*!40101 SET @saved_cs_client     = @@character_set_client */;
/*!50503 SET character_set_client = utf8mb4 */;
CREATE TABLE `users` (
  `id` bigint NOT NULL AUTO_INCREMENT,
  `username` varchar(50) NOT NULL,
  `password` varchar(255) NOT NULL,
  `real_name` varchar(50) DEFAULT '',
  `phone` varchar(20) DEFAULT '',
  `email` varchar(100) DEFAULT '',
  `role` varchar(20) NOT NULL DEFAULT 'USER',
  `status` tinyint NOT NULL DEFAULT '1',
  `created_at` datetime DEFAULT CURRENT_TIMESTAMP,
  `updated_at` datetime DEFAULT CURRENT_TIMESTAMP ON UPDATE CURRENT_TIMESTAMP,
  PRIMARY KEY (`id`),
  UNIQUE KEY `username` (`username`)
) ENGINE=InnoDB AUTO_INCREMENT=9 DEFAULT CHARSET=utf8mb4 COLLATE=utf8mb4_0900_ai_ci;
/*!40101 SET character_set_client = @saved_cs_client */;

--
-- Dumping data for table `users`
--

LOCK TABLES `users` WRITE;
/*!40000 ALTER TABLE `users` DISABLE KEYS */;
INSERT INTO `users` VALUES (1,'admin1','$2a$10$LDJIAChhGohqZpiG.K380u6H77nUkAk55Xz/IhbhgwWmknXTptHiG','管理员','','','ADMIN',1,NULL,NULL),(2,'admin2','$2a$10$w6sTDQz/h1znhu7JboY5VesugquU00UvpEon4wW4Hw9xTjZTTEFQS','管理员','','','ADMIN',1,NULL,NULL),(3,'admin3','$2a$10$3oKsm8QaxkX55xq0XRPoq.4SzVKX3J1e51gCqiIyjcZ6ALYBDT9q2','管理员','','','ADMIN',1,NULL,NULL),(4,'admin4','$2a$10$L29X4VboLIHH5YI5zQnwQOFiPiOx8XBCg.3vwSirChia7cYRoJDTm','管理员','','','ADMIN',1,NULL,NULL),(5,'admin5','$2a$10$IRXsx1zbyvPvwK8GVpgJCOl.wf0z3K92wxqGtjSXc4URdeHe3Pqbe','管理员','','','ADMIN',1,NULL,NULL),(6,'testuser','$2a$10$Nh1qw4ntVtYs6LXNwg0YZeU8RQ7l/tcLlvLnqYFvVGvO8yLYmrROe','????','13800138000','test@test.com','USER',0,NULL,NULL),(7,'maodie','$2a$10$Cqc6BYPU/b9.JD.txqrtFeqr70zxDY8Lx4yN/fdVIaYlW.oLF8nhO','李嘉宇','19189740857','123456789@qq.com','USER',1,NULL,NULL),(8,'cxk','$2a$10$K8wxRcZ3qtEu964zMIMkVeDdyJYKLmFCRY8UZ005XfZU9vBzkJyKi','陆飞荣','19577815179','789456123@91.com','USER',1,NULL,NULL);
/*!40000 ALTER TABLE `users` ENABLE KEYS */;
UNLOCK TABLES;

--
-- Table structure for table `valuation_request`
--

DROP TABLE IF EXISTS `valuation_request`;
/*!40101 SET @saved_cs_client     = @@character_set_client */;
/*!50503 SET character_set_client = utf8mb4 */;
CREATE TABLE `valuation_request` (
  `id` bigint NOT NULL AUTO_INCREMENT,
  `customer_id` bigint NOT NULL,
  `vehicle_id` bigint DEFAULT NULL,
  `brand` varchar(50) DEFAULT '',
  `model` varchar(100) DEFAULT '',
  `model_year` int DEFAULT '0',
  `mileage` int DEFAULT '0',
  `license_plate` varchar(20) DEFAULT '',
  `purchase_date` date DEFAULT NULL,
  `estimated_price` decimal(12,2) DEFAULT '0.00' COMMENT 'ç³»ç»Ÿä¼°å€¼',
  `manual_price` decimal(12,2) DEFAULT '0.00' COMMENT 'äººå·¥è¯„ä¼°ä»·',
  `status` varchar(20) DEFAULT 'PENDING' COMMENT 'PENDING/EVALUATED/DEAL/CLOSED',
  `evaluator_id` bigint DEFAULT NULL COMMENT 'è¯„ä¼°å¸ˆ',
  `remark` varchar(500) DEFAULT '',
  `created_at` datetime DEFAULT CURRENT_TIMESTAMP,
  `updated_at` datetime DEFAULT CURRENT_TIMESTAMP ON UPDATE CURRENT_TIMESTAMP,
  PRIMARY KEY (`id`),
  KEY `idx_customer` (`customer_id`),
  KEY `idx_status` (`status`)
) ENGINE=InnoDB AUTO_INCREMENT=35 DEFAULT CHARSET=utf8mb4 COLLATE=utf8mb4_0900_ai_ci COMMENT='äºŒæ‰‹è½¦ä¼°ä»·ç”³è¯·è¡¨';
/*!40101 SET character_set_client = @saved_cs_client */;

--
-- Dumping data for table `valuation_request`
--

LOCK TABLES `valuation_request` WRITE;
/*!40000 ALTER TABLE `valuation_request` DISABLE KEYS */;
INSERT INTO `valuation_request` VALUES (1,1,NULL,'奥迪','A6L',2025,8,'京B9178',NULL,72000.00,0.00,'PENDING',NULL,'','2026-07-05 16:50:23','2026-07-05 16:50:23'),(2,1,NULL,'奥迪','A6L',2025,8,'京B9178',NULL,72000.00,0.00,'PENDING',NULL,'','2026-07-05 16:50:24','2026-07-05 16:50:24'),(3,1,NULL,'奥迪','A6L',2025,8,'京B9178',NULL,72000.00,0.00,'PENDING',NULL,'','2026-07-05 16:50:24','2026-07-05 16:50:24'),(4,1,NULL,'奥迪','A6L',2025,8,'京B9178',NULL,72000.00,0.00,'PENDING',NULL,'','2026-07-05 16:50:24','2026-07-05 16:50:24'),(5,1,NULL,'奥迪','A6L',2025,8,'京B9178',NULL,72000.00,0.00,'PENDING',NULL,'','2026-07-05 16:50:24','2026-07-05 16:50:24'),(6,1,NULL,'奥迪','A6L',2025,8,'京B9178',NULL,72000.00,0.00,'PENDING',NULL,'','2026-07-05 16:50:25','2026-07-05 16:50:25'),(7,1,NULL,'奥迪','A6L',2025,8,'京B9178',NULL,72000.00,0.00,'PENDING',NULL,'','2026-07-05 16:50:25','2026-07-05 16:50:25'),(8,1,NULL,'奥迪','A6L',2025,8,'京B9178',NULL,72000.00,0.00,'PENDING',NULL,'','2026-07-05 16:50:25','2026-07-05 16:50:25'),(9,1,NULL,'奥迪','A6L',2025,8,'京B9178',NULL,72000.00,0.00,'PENDING',NULL,'','2026-07-05 16:50:25','2026-07-05 16:50:25'),(10,1,NULL,'奥迪','A6L',2025,8,'京B9178',NULL,72000.00,0.00,'PENDING',NULL,'','2026-07-05 16:50:25','2026-07-05 16:50:25'),(11,1,NULL,'奥迪','A6L',2025,8,'京B9178',NULL,72000.00,0.00,'PENDING',NULL,'','2026-07-05 16:50:25','2026-07-05 16:50:25'),(12,1,NULL,'奥迪','A6L',2025,8,'京B9178',NULL,72000.00,0.00,'PENDING',NULL,'','2026-07-05 16:50:25','2026-07-05 16:50:25'),(13,1,NULL,'奥迪','A6L',2025,8,'京B9178',NULL,72000.00,0.00,'PENDING',NULL,'','2026-07-05 16:50:26','2026-07-05 16:50:26'),(14,1,NULL,'奥迪','A6L',2025,8,'京B9178',NULL,72000.00,0.00,'PENDING',NULL,'','2026-07-05 16:50:26','2026-07-05 16:50:26'),(15,1,NULL,'??','A4L',2020,5,'?A12345',NULL,32000.00,0.00,'PENDING',NULL,'','2026-07-05 16:54:03','2026-07-05 16:54:03'),(16,1,NULL,'??','A4L',2020,5,'?A12345',NULL,32000.00,0.00,'PENDING',NULL,'','2026-07-05 16:56:05','2026-07-05 16:56:05'),(17,1,NULL,'奥迪','A6L',2025,8,'京B9178',NULL,72000.00,0.00,'PENDING',NULL,'','2026-07-05 16:56:58','2026-07-05 16:56:58'),(18,1,NULL,'奥迪','A6L',2025,8,'京B9178',NULL,72000.00,0.00,'PENDING',NULL,'','2026-07-05 17:01:37','2026-07-05 17:01:37'),(19,1,NULL,'奥迪','A6L',2025,8,'京B9178',NULL,72000.00,0.00,'PENDING',NULL,'','2026-07-05 17:02:06','2026-07-05 17:02:06'),(20,1,NULL,'奥迪','A6L',2025,8,'京B9178',NULL,72000.00,0.00,'PENDING',NULL,'','2026-07-05 17:04:37','2026-07-05 17:04:37'),(21,1,NULL,'奥迪','A6L',2025,8,'京B9178',NULL,72000.00,0.00,'PENDING',NULL,'','2026-07-05 17:04:44','2026-07-05 17:04:44'),(22,1,NULL,'奥迪','A6L',2025,8,'京B9178',NULL,72000.00,0.00,'PENDING',NULL,'','2026-07-05 17:04:54','2026-07-05 17:04:54'),(23,1,NULL,'奥迪','A6L',2025,8,'京B9178',NULL,72000.00,0.00,'PENDING',NULL,'','2026-07-05 17:05:30','2026-07-05 17:05:30'),(24,1,NULL,'奥迪','A6L',2025,8,'京B9178',NULL,72000.00,0.00,'PENDING',NULL,'','2026-07-05 17:07:41','2026-07-05 17:07:41'),(25,1,NULL,'奥迪','A6L',2025,8,'京B9178',NULL,72000.00,0.00,'PENDING',NULL,'','2026-07-05 17:07:48','2026-07-05 17:07:48'),(26,1,NULL,'奥迪','A6L',2025,8,'京B9178',NULL,72000.00,0.00,'PENDING',NULL,'','2026-07-05 17:11:02','2026-07-05 17:11:02'),(27,1,NULL,'奥迪','A6L',2025,8,'京B9178',NULL,72000.00,0.00,'PENDING',NULL,'','2026-07-05 17:11:07','2026-07-05 17:11:07'),(28,1,NULL,'奥迪','A6L',2025,8,'京B9178',NULL,72000.00,0.00,'PENDING',NULL,'','2026-07-05 17:14:15','2026-07-05 17:14:15'),(29,1,NULL,'奥迪','A6L',2025,8,'京B9178',NULL,72000.00,0.00,'PENDING',NULL,'','2026-07-05 17:14:37','2026-07-05 17:14:37'),(30,1,NULL,'aodi','aa',2025,8,'京B9178',NULL,72000.00,0.00,'PENDING',NULL,'','2026-07-05 18:08:27','2026-07-05 18:08:27'),(31,1,NULL,'安迪','78',91,9,'京B9178',NULL,10000.00,0.00,'PENDING',NULL,'','2026-07-05 18:18:31','2026-07-05 18:18:31'),(32,1,NULL,'安迪','78',91,9,'京B9178',NULL,10000.00,0.00,'PENDING',NULL,'','2026-07-05 18:23:31','2026-07-05 18:23:31'),(33,1,NULL,'安迪','78',91,9,'京B9178',NULL,10000.00,0.00,'PENDING',NULL,'','2026-07-05 21:43:32','2026-07-05 21:43:32'),(34,1,NULL,'安迪','78',91,9,'京B9178',NULL,10000.00,0.00,'PENDING',NULL,'','2026-07-05 22:00:21','2026-07-05 22:00:21');
/*!40000 ALTER TABLE `valuation_request` ENABLE KEYS */;
UNLOCK TABLES;

--
-- Table structure for table `vehicle_video`
--

DROP TABLE IF EXISTS `vehicle_video`;
/*!40101 SET @saved_cs_client     = @@character_set_client */;
/*!50503 SET character_set_client = utf8mb4 */;
CREATE TABLE `vehicle_video` (
  `id` bigint NOT NULL AUTO_INCREMENT,
  `vehicle_id` bigint NOT NULL COMMENT 'å…³è” stock_vehicle.id',
  `title` varchar(100) DEFAULT '' COMMENT 'è§†é¢‘æ ‡é¢˜',
  `video_url` varchar(500) NOT NULL COMMENT 'è§†é¢‘åœ°å€(æœ¬åœ°è·¯å¾„æˆ–å¤–éƒ¨é“¾æŽ¥)',
  `cover_url` varchar(500) DEFAULT '' COMMENT 'å°é¢å›¾åœ°å€',
  `source_type` varchar(10) DEFAULT 'LOCAL' COMMENT 'LOCAL/LINK',
  `sort_order` int DEFAULT '0' COMMENT 'æŽ’åº',
  `created_by` bigint DEFAULT NULL COMMENT 'ä¸Šä¼ äºº',
  `is_deleted` tinyint DEFAULT '0',
  `created_at` datetime DEFAULT CURRENT_TIMESTAMP,
  `updated_at` datetime DEFAULT CURRENT_TIMESTAMP ON UPDATE CURRENT_TIMESTAMP,
  PRIMARY KEY (`id`),
  KEY `idx_vehicle_id` (`vehicle_id`)
) ENGINE=InnoDB AUTO_INCREMENT=15 DEFAULT CHARSET=utf8mb4 COLLATE=utf8mb4_0900_ai_ci COMMENT='è½¦è¾†ä»‹ç»è§†é¢‘è¡¨';
/*!40101 SET character_set_client = @saved_cs_client */;

--
-- Dumping data for table `vehicle_video`
--

LOCK TABLES `vehicle_video` WRITE;
/*!40000 ALTER TABLE `vehicle_video` DISABLE KEYS */;
INSERT INTO `vehicle_video` VALUES (1,1,'å¥¥è¿ªA6L å¤–è§‚è¯¦è§£','https://www.w3schools.com/html/mov_bbb.mp4','','LINK',1,NULL,0,'2026-07-04 10:57:24','2026-07-04 10:57:24'),(2,1,'å¥¥è¿ªA6L å†…é¥°ä¸Žç§‘æŠ€é…ç½®','https://www.w3schools.com/html/movie.mp4','','LINK',2,NULL,0,'2026-07-04 10:57:24','2026-07-04 10:57:24'),(3,2,'å®é©¬325Li è¿åŠ¨å¥—ä»¶å±•ç¤º','https://www.w3schools.com/html/mov_bbb.mp4','','LINK',1,NULL,0,'2026-07-04 10:57:24','2026-07-04 10:57:24'),(4,3,'å¥”é©°C260L è±ªåŽä½“éªŒ','https://www.w3schools.com/html/movie.mp4','','LINK',1,NULL,0,'2026-07-04 10:57:24','2026-07-04 10:57:24'),(5,4,'ç‰¹æ–¯æ‹‰Model Y æ™ºèƒ½é©¾é©¶','https://www.w3schools.com/html/mov_bbb.mp4','','LINK',1,NULL,0,'2026-07-04 10:57:24','2026-07-04 10:57:24'),(6,98,'奥迪A6奶龙','https://www.bilibili.com/video/BV1PMXfBqEeF/?spm_id_from=333.337.search-card.all.click&vd_source=dab7507750084d542df12cfacf39c3ae','','LINK',0,NULL,0,'2026-07-04 10:59:26','2026-07-04 10:59:26'),(7,98,'7606797cc6ebb21ca83eec4da50cc077.mp4','http://114.55.225.32:9000/4s-images/vehicles/videos/7706aa9f-0d92-40bf-9afb-28f89c43ff0a.mp4','','LOCAL',0,NULL,1,'2026-07-04 11:23:22','2026-07-05 12:53:26'),(8,87,'f490ade7d3c72a342493473cf191b7c9.mp4','http://114.55.225.32:9000/4s-images/vehicles/videos/c7e6e1df-7eea-48d2-9be1-4a21834e8fd3.mp4','','LOCAL',0,NULL,0,'2026-07-05 04:39:56','2026-07-05 12:53:26'),(9,1,'test','http://114.55.225.32:9000/4s-images/vehicles/videos/be30af5c-020c-4047-bd3a-75c317d0c988.mp4','','LOCAL',0,NULL,0,'2026-07-05 12:57:37','2026-07-05 12:57:37'),(10,1,'test','http://114.55.225.32:9000/4s-images/vehicles/videos/5afe83b1-00f9-4831-ba4f-6e1590feefa7.mp4','','LOCAL',0,NULL,0,'2026-07-05 13:01:55','2026-07-05 13:01:55'),(11,98,'7606797cc6ebb21ca83eec4da50cc077.mp4','http://114.55.225.32:9000/4s-images/vehicles/videos/76f2ec0e-fab7-4a00-83d8-760d46563a70.mp4','','LOCAL',0,NULL,0,'2026-07-05 13:18:01','2026-07-05 13:19:52'),(12,88,'video_20260312_195721.mp4','http://114.55.225.32:9000/4s-images/vehicles/videos/bd3c817e-4f3f-4781-bb06-4c09725a978c.mp4','','LOCAL',0,NULL,0,'2026-07-05 13:24:56','2026-07-05 13:24:56'),(13,99,'share_7bb4e25bbe955f45037f90df711954621783264051558.mp4','http://114.55.225.32:9000/4s-images/vehicles/videos/9f91ddac-12f9-49a0-a6bd-7da73ea6be4e.mp4','','LOCAL',0,NULL,1,'2026-07-05 23:10:37','2026-07-05 23:12:11'),(14,99,'sb奶龙.mp4','http://114.55.225.32:9000/4s-images/vehicles/videos/136e9b49-fb1a-47ee-a52b-41e4c578bfe5.mp4','','LOCAL',0,NULL,0,'2026-07-05 23:12:16','2026-07-05 23:12:16');
/*!40000 ALTER TABLE `vehicle_video` ENABLE KEYS */;
UNLOCK TABLES;

--
-- Table structure for table `vehicles`
--

DROP TABLE IF EXISTS `vehicles`;
/*!40101 SET @saved_cs_client     = @@character_set_client */;
/*!50503 SET character_set_client = utf8mb4 */;
CREATE TABLE `vehicles` (
  `id` bigint NOT NULL AUTO_INCREMENT,
  `brand` varchar(50) NOT NULL,
  `model` varchar(100) NOT NULL,
  `year` int NOT NULL,
  `type` varchar(30) NOT NULL DEFAULT '???',
  `price` decimal(12,2) NOT NULL,
  `color` varchar(30) DEFAULT '',
  `engine` varchar(100) DEFAULT '',
  `transmission` varchar(50) DEFAULT '',
  `fuel_type` varchar(30) DEFAULT '',
  `description` text,
  `image_url` varchar(500) DEFAULT '',
  `stock` int DEFAULT '1',
  `status` varchar(20) NOT NULL DEFAULT 'ON_SALE',
  `created_at` datetime DEFAULT CURRENT_TIMESTAMP,
  `updated_at` datetime DEFAULT CURRENT_TIMESTAMP ON UPDATE CURRENT_TIMESTAMP,
  PRIMARY KEY (`id`)
) ENGINE=InnoDB AUTO_INCREMENT=13 DEFAULT CHARSET=utf8mb4 COLLATE=utf8mb4_0900_ai_ci;
/*!40101 SET character_set_client = @saved_cs_client */;

--
-- Dumping data for table `vehicles`
--

LOCK TABLES `vehicles` WRITE;
/*!40000 ALTER TABLE `vehicles` DISABLE KEYS */;
INSERT INTO `vehicles` VALUES (1,'奥迪','A6L 45 TFSI',2026,'轿车',42.79,'黑色','2.0T','7挡双离合','汽油','豪华中大型轿车，商务与家用兼得，科技配置丰富','',5,'ON_SALE',NULL,NULL),(2,'宝马','325Li M运动套装',2026,'轿车',34.99,'白色','2.0T','8挡手自一体','汽油','运动豪华中型轿车，操控精准，动力充沛','',5,'ON_SALE',NULL,NULL),(3,'奔驰','C260L',2026,'轿车',35.18,'银色','1.5T+48V轻混','9挡手自一体','汽油+48V轻混','优雅舒适的中型豪华轿车，内饰设计出众','',5,'ON_SALE',NULL,NULL),(4,'特斯拉','Model Y 长续航',2026,'SUV',29.99,'白色','双电机四驱','固定齿比','纯电','热门纯电SUV，续航688km，智能驾驶体验','',5,'ON_SALE',NULL,NULL),(5,'比亚迪','汉EV 创世版',2026,'新能源',26.98,'红色','双电机四驱','固定齿比','纯电','国产电动轿跑标杆，刀片电池安全可靠，续航715km','',5,'ON_SALE',NULL,NULL),(6,'丰田','凯美瑞 2.5HQ',2026,'轿车',21.98,'黑色','2.5L+电机','E-CVT','油电混动','经典日系B级车，混动省油，品质可靠','',5,'ON_SALE',NULL,NULL),(7,'本田','CR-V e:PHEV',2026,'SUV',24.59,'蓝色','2.0L+电机','E-CVT','插电混动','家用SUV标杆，插混版油耗低，空间出色','',5,'ON_SALE',NULL,NULL),(8,'大众','途观L Pro',2026,'SUV',23.78,'灰色','2.0T','7挡双离合','汽油','德系中型SUV，做工扎实，配置均衡','',5,'ON_SALE',NULL,NULL),(9,'长安','深蓝SL03',2026,'新能源',17.39,'青色','单电机后驱','固定齿比','纯电','高性价比国产纯电轿车，设计前卫，续航515km','',5,'ON_SALE',NULL,NULL),(10,'理想','L8 Pro',2026,'SUV',35.98,'金色','1.5T增程+双电机','固定齿比','增程式','家庭六座SUV，增程无续航焦虑，冰箱彩电大沙发','',5,'ON_SALE',NULL,NULL),(11,'沃尔沃','XC60 B5',2026,'SUV',39.69,'深蓝','2.0T+48V轻混','8挡手自一体','汽油+48V轻混','北欧豪华中型SUV，安全性能一流','',5,'ON_SALE',NULL,NULL),(12,'别克','GL8 ES陆尊',2026,'MPV',31.79,'香槟金','2.0T+48V轻混','9挡手自一体','汽油+48V轻混','商务接待首选MPV，空间宽敞，乘坐舒适','',5,'ON_SALE',NULL,NULL);
/*!40000 ALTER TABLE `vehicles` ENABLE KEYS */;
UNLOCK TABLES;
/*!40103 SET TIME_ZONE=@OLD_TIME_ZONE */;

/*!40101 SET SQL_MODE=@OLD_SQL_MODE */;
/*!40014 SET FOREIGN_KEY_CHECKS=@OLD_FOREIGN_KEY_CHECKS */;
/*!40014 SET UNIQUE_CHECKS=@OLD_UNIQUE_CHECKS */;
/*!40101 SET CHARACTER_SET_CLIENT=@OLD_CHARACTER_SET_CLIENT */;
/*!40101 SET CHARACTER_SET_RESULTS=@OLD_CHARACTER_SET_RESULTS */;
/*!40101 SET COLLATION_CONNECTION=@OLD_COLLATION_CONNECTION */;
/*!40111 SET SQL_NOTES=@OLD_SQL_NOTES */;

-- Dump completed on 2026-07-07 16:59:19
